0	2078	0.5307491
0	2089	0.2118034
0	2049	0.12171613
2	2148	0.39684898
3	2208	1.1721177
3	2223	0.92427707
3	2211	0.5914591
4	2071	0.06666667
4	2270	0.06131393
5	2285	0.7293424
5	2317	0.30304575
6	2305	0.20967245
6	2282	0.07751967
8	2426	1.513214
8	2422	1.25182
8	2421	0.77684355
8	2424	0.6907214
8	2423	0.48113626
9	2451	1.0842515
9	2323	1.0228277
10	2371	1.1827885
10	2185	0.20019174
11	2319	0.06622662
11	2520	0.057353932
13	2593	0.22788727
13	2212	0.18257418
15	2083	0.4209988
15	2681	0.2309401
15	2492	0.1632993
15	2522	0.10767638
16	2505	0.7297441
16	2729	0.3791844
18	2675	2.0
18	2061	2.0
18	2783	2.0
18	2654	2.0
18	2695	0.43637314
19	2821	10.0
19	2803	10.0
19	2802	10.0
19	2801	10.0
19	2830	0.50521
20	2870	4.0
20	2505	0.6755185
20	2852	0.5533197
20	2593	0.054554474
21	2223	0.1490712
21	2282	0.03928371
22	2049	0.032530002
23	2935	1.0822916
23	2933	1.012073
23	2942	0.40089184
23	2944	0.23570226
25	3019	2.4425516
25	3020	0.25546592
26	2294	2.0
27	3043	1.0
27	2283	1.0
27	2315	0.4822853
27	2459	0.35032085
27	2449	0.29035914
28	2963	1.0
28	2027	0.4912023
29	3080	3.0
29	3097	3.0
29	2527	3.0
29	2197	3.0
29	3082	3.0
30	3107	11.0
30	3121	11.0
30	3104	11.0
30	2412	11.0
30	3123	0.17702074
31	2053	0.3627381
31	2214	0.14433756
32	2438	2.0
33	3176	9.0
33	2464	9.0
33	3177	1.7595975
33	3178	0.1825742
34	2559	15.0
34	3197	15.0
34	2151	15.0
34	3213	15.0
36	2945	2.0
37	3285	1.0
37	3297	1.0
37	3290	0.61583906
38	2919	1.9063473
38	3363	1.0
38	3328	1.0
39	3371	0.52248764
40	3390	0.45041916
40	2221	0.30704397
41	2412	2.0
41	3207	2.0
41	2700	0.7362882
41	2220	0.39312208
44	3028	0.25274354
45	2942	0.40089184
45	2695	0.040422603
46	2293	1.0
46	3472	1.0
46	2035	0.4952871
46	3494	0.15618525
46	2304	0.086834066
47	2748	1.0
47	3081	1.0
47	2244	1.0
47	2505	0.9807391
47	2973	0.4497664
48	2950	2.0
48	2167	2.0
48	3514	2.0
49	3528	3.0
49	2796	3.0
49	2323	0.119522855
49	3272	0.07537784
50	2286	0.20385887
50	2083	0.048911598
53	3536	1.0
53	2848	0.31021845
53	2482	0.2115506
54	3669	2.0
54	3670	2.0
54	2880	0.35039496
55	2286	0.6294261
55	3449	0.4290399
55	2788	0.3056246
56	3525	1.0
56	2066	1.0
56	3704	0.18898223
56	2701	0.10101525
56	2050	0.057353932
57	3722	1.0
57	2097	1.0
57	2410	1.0
58	3758	2.0
58	2059	0.23335937
59	3792	1.0
59	3778	1.0
59	2167	1.0
59	3088	0.15936382
60	3794	1.0
60	3798	1.0
60	3110	1.0
60	2548	0.55899066
60	3797	0.38243133
61	3824	0.85888445
61	2265	0.3561182
62	2458	2.0
62	3865	1.9047399
62	2482	1.2727392
62	2492	1.16254
62	3852	0.1825742
63	3018	2.6568367
63	2997	1.9918201
63	2094	1.0
63	3886	1.0
63	2066	1.0
64	2311	0.8819251
64	2295	0.6191038
64	2323	0.4705691
64	2282	0.07751967
66	3397	1.0
66	2845	1.0
66	2506	0.13691309
67	2969	3.0
67	3985	3.0
67	3526	0.605295
67	3994	0.5262443
68	2285	2.117546
68	2314	1.0
68	4006	1.0
68	2904	1.0
68	2327	0.37342596
69	3080	2.0
69	2151	2.0
69	2076	0.6342324
69	2223	0.11785113
69	4011	0.06262243
70	4039	1.0
70	2151	1.0
73	2424	0.7131841
73	3973	0.6453272
73	3233	0.47303197
73	2149	0.25411463
74	4157	4.0
74	2148	0.13801311
74	2597	0.059761427
75	2894	0.2601841
75	2298	0.20719334
76	4191	6.0
78	3728	0.20100757
79	3100	0.058321185
80	2908	2.0
80	4337	2.0
80	2192	0.20026654
81	2175	2.0
81	2506	0.46826708
81	2852	0.1551506
82	2816	9.0
82	4369	0.97233176
82	2223	0.10910894
83	2519	1.3357577
83	2635	0.1390699
84	2217	0.25555456
85	2492	1.748211
85	4415	1.0
85	2681	0.7912918
85	3663	0.58806473
85	3664	0.4991702
86	4422	1.7111655
86	4424	1.2193741
87	3212	2.0
87	3110	2.0
88	4485	1.0
89	2412	2.0
89	3080	2.0
89	4519	2.0
89	3949	1.0271285
89	4511	0.77528876
90	2323	0.61385995
90	2492	0.21081851
90	2282	0.07751967
91	2289	1.0
91	2283	1.0
91	4536	1.0
92	3154	1.0
92	4562	1.0
92	4556	1.0
92	4553	1.0
92	4552	1.0
93	2061	1.0
93	2286	0.46434936
94	3388	1.0
94	2418	0.46598616
95	2148	1.0910617
95	2223	0.7937253
96	2534	1.0789636
96	4598	1.0
96	2371	0.4886859
96	2701	0.3707783
97	2191	0.93561363
98	3704	0.10910895
99	4634	6.0
99	4632	6.0
99	2283	6.0
99	2492	1.1007973
99	2223	0.11785113
100	4647	2.0
100	4649	2.0
100	4671	2.0
101	2960	0.2828427
101	4696	0.08247861
102	2195	1.0
102	4715	1.0
102	2374	1.0
102	3339	1.0
102	4364	1.0
103	3265	0.71741414
104	3801	1.9871999
106	2760	1.0
106	2960	0.30451104
108	4816	1.0
108	2911	1.0
108	2806	0.49265188
108	4831	0.246183
108	2371	0.13608277
109	4331	1.0
109	3794	1.0
109	2727	1.0
109	3403	0.7879262
110	3235	0.48415452
110	4881	0.38165236
112	2999	1.0111717
112	4918	0.88774467
112	2461	0.31747514
113	4047	0.74873596
114	2911	1.0
114	2812	0.40824828
114	2497	0.3506493
114	2815	0.29541123
115	2151	1.0
115	2283	1.0
115	2294	1.0
115	3450	0.74793804
116	2286	0.45014188
116	2300	0.07647191
116	2695	0.07565336
118	3387	1.0
118	4562	1.0
118	5006	0.28798345
119	2498	1.0
119	3397	1.0
119	5033	1.0
119	2006	1.0
120	3407	0.1527831
121	2492	0.5163978
121	2315	0.26275378
122	4328	3.0
122	2480	3.0
122	2527	3.0
123	3461	1.0
123	5099	0.84838235
123	2153	0.10540926
124	2356	0.5060905
125	2459	1.0677693
125	3571	1.0
125	2286	0.85120344
125	2235	0.64377964
125	2245	0.47647077
127	2294	1.0
127	2458	1.0
127	2519	0.9215185
127	2537	0.66844046
127	2327	0.20699261
128	3420	1.0
128	2640	1.0
129	2522	0.19658928
129	3441	0.19632438
129	3587	0.17622682
130	5163	2.0
130	2781	2.0
130	2460	2.0
131	2449	0.60012835
132	2904	2.0
132	3234	2.0
132	2052	0.6303255
132	2240	0.5659164
132	2695	0.13606969
133	2921	1.0
133	2969	1.0
133	3370	0.0745356
133	2372	0.07216878
134	3624	0.75324947
134	2616	0.41009036
134	2120	0.18305206
135	5230	3.0
135	2728	3.0
135	3404	3.0
135	5181	0.32188737
136	2053	0.61656487
137	2977	0.472905
137	5265	0.42924348
138	2288	0.21612957
139	2294	1.0
139	2327	0.4752246
139	2542	0.37556323
139	2185	0.20756659
141	2285	1.1888202
141	5293	1.0
141	2343	1.0
141	2536	1.0
141	2312	1.0
142	2430	1.0
142	3971	1.0
142	5327	1.0
142	2776	0.11866786
143	2294	2.0
143	2973	0.5136575
143	2674	0.24494895
144	2977	0.56408024
144	2319	0.37226415
144	5338	0.20590687
145	2149	0.31076163
145	2322	0.22675624
146	2534	1.4636114
146	2228	1.0
146	2294	1.0
146	4420	1.0
146	2455	0.6648771
147	2417	3.0
147	3401	3.0
147	2512	3.0
147	2148	0.4229325
147	3366	0.21941611
148	2821	3.0
148	2512	3.0
148	5390	3.0
149	2857	2.0
149	5399	2.0
149	2866	2.0
149	5418	2.0
149	5406	0.19238673
150	5432	0.74423444
150	5431	0.47864637
150	3503	0.24019222
150	3943	0.11547005
152	2284	0.49553552
152	2522	0.394357
152	2906	0.3552845
152	2353	0.10878566
154	2481	2.0
154	5203	0.4009118
154	2497	0.30422541
154	3095	0.1769757
155	5180	1.0
155	2451	0.72433037
155	5525	0.33608904
155	2319	0.18931812
156	2350	3.1017709
156	3450	2.3333
156	3438	2.003724
156	2354	0.1741052
157	3122	1.0
157	2192	0.38195646
157	2211	0.36767423
158	2082	1.0
158	2340	1.0
158	2199	0.46898645
159	3975	1.0
159	2748	1.0
159	5620	1.0
159	5616	0.4343934
159	5617	0.30165842
160	2832	1.347229
160	2955	0.5729376
161	4256	1.0
161	2413	1.0
161	5374	1.0
161	5633	0.91140115
161	2214	0.68992907
162	3035	2.0
162	2006	2.0
162	3401	2.0
162	5201	2.0
162	2201	0.5976142
163	2157	0.76397884
163	2720	0.121821605
164	2677	1.0
164	5674	0.61380684
164	2973	0.3041628
164	5429	0.21174891
164	3366	0.17955838
165	5538	2.7511194
165	4440	2.564727
166	3794	2.0
166	2956	2.0
166	2167	2.0
166	5678	0.47851825
166	2148	0.44919506
167	2727	1.0
167	2718	1.0
167	5698	1.0
167	2157	0.66152567
168	2182	4.0
168	4822	4.0
168	3519	4.0
168	3125	4.0
168	5407	0.35461423
169	5719	1.0
170	2746	1.0
170	3251	1.0
171	4727	1.0
171	2167	1.0
171	2859	0.3103012
171	3788	0.16666667
172	2327	0.16210562
173	2423	0.781181
173	2214	0.63747114
173	4539	0.31153905
173	2953	0.1470871
174	2058	2.0
174	2516	2.0
174	2157	0.3898805
174	2160	0.32015085
174	2064	0.10896464
175	2187	2.0
175	3397	2.0
176	2681	0.27626133
176	2519	0.2700309
176	2371	0.10540926
176	2083	0.06622662
179	2430	2.0
179	4191	2.0
181	3704	0.27806932
183	5951	0.13245323
183	2992	0.114707865
183	5948	0.10526315
183	5952	0.06622662
183	2078	0.06131393
184	3121	1.0
184	3975	1.0
184	2849	0.6483162
184	2225	0.15811278
185	2729	0.64537287
185	2418	0.5085845
185	4586	0.27754185
185	3403	0.2611165
186	2184	1.0
186	4617	1.0
186	2148	0.2744401
186	2200	0.1562937
187	2804	7.0
187	6014	7.0
187	3207	7.0
187	2486	7.0
187	2504	0.12909944
188	4767	1.5940176
188	3349	1.0549785
188	2711	0.6892854
188	2383	0.27385402
190	2919	1.4989008
190	4950	1.0
190	2726	0.519566
190	3095	0.45382628
190	2497	0.40203077
191	4328	6.0
191	2482	0.69175434
191	2806	0.43805146
191	2955	0.2845178
193	6026	3.0
193	2749	3.0
193	2750	3.0
193	6148	3.0
194	5334	1.0
194	6158	1.0
194	6161	1.0
194	5026	1.0
195	2691	1.0
195	6168	0.6662598
195	3454	0.5459125
195	2288	0.32134
196	5439	1.0
196	2005	0.4728015
197	2312	1.0
197	4065	1.0
197	3234	1.0
197	2294	1.0
197	6208	1.0
198	6224	1.0
198	2151	1.0
198	3053	0.41366342
199	2066	1.0
199	2167	1.0
199	2480	1.0
199	3704	0.47121984
199	2059	0.1632993
200	2919	3.0206075
200	4818	2.1212304
200	4955	0.80701756
201	2244	6.0
201	2228	6.0
201	2483	0.5384959
201	6260	0.062017366
202	4164	0.07071068
203	2423	0.3836306
204	3064	2.0
204	5263	2.0
204	5465	2.0
205	4478	0.24480918
205	5393	0.07161149
206	4177	2.0
206	2066	2.0
206	3407	0.36835042
206	2059	0.30077934
206	2701	0.25196606
207	2371	2.1260004
207	3848	2.0
207	2493	2.0
207	2327	0.04652421
208	6368	1.0
208	2608	0.0877058
209	2299	2.5276856
210	2153	3.3592114
210	3074	2.7248795
210	3404	1.0
210	2729	0.97020733
210	5265	0.80803704
211	5008	4.0
211	4950	4.0
211	2832	0.4595585
212	2304	0.035399616
213	2295	0.6836045
213	2394	0.31008685
214	2609	2.0
215	2285	0.39778405
216	2695	0.18380928
217	2251	0.50728613
217	6466	0.14677295
218	2235	1.1566672
218	2288	0.1057361
219	2286	0.19194299
219	2519	0.18944317
219	2455	0.17699808
219	3034	0.12909944
220	2261	1.49335
221	3207	2.0
221	2946	2.0
221	4949	2.0
221	2815	0.24381833
221	2157	0.09534626
222	2251	0.77201843
222	2325	0.3549928
222	2288	0.30938002
222	2541	0.27250376
222	2059	0.06741998
223	2505	0.24285112
225	2449	0.3049947
225	2327	0.24431804
225	2695	0.15197094
225	2049	0.079206005
226	2701	0.21765801
226	2221	0.06579517
227	2083	0.35416442
227	2284	0.2152169
227	2450	0.10615687
228	2992	1.0086806
228	2897	0.6256687
228	2064	0.3952199
228	2049	0.21616626
229	2201	0.47905213
229	2709	0.2802401
229	2298	0.0877058
229	3824	0.06125639
230	3865	2.1524262
230	2482	1.9754333
230	5673	0.06917144
231	2083	0.57348585
231	2906	0.19255619
232	3844	2.0
232	2770	2.0
232	2487	2.0
232	3859	0.27989438
233	3627	1.0
233	2936	1.0
234	2712	2.0
234	5669	2.0
234	3536	2.0
235	2338	0.46401405
235	2542	0.32420385
235	4961	0.1553137
235	6701	0.1480635
235	2681	0.07254762
236	2536	2.0
236	4007	2.0
236	2283	2.0
237	6740	1.0
237	6713	1.0
238	3743	3.0
238	4143	3.0
239	2323	0.29932627
240	3194	1.2876174
241	4004	0.37974006
243	3825	0.45781553
244	3187	4.0
244	2406	4.0
244	2224	4.0
246	2184	1.0
246	2061	1.0
246	3072	0.0559017
247	2169	0.07537784
248	3107	3.0
248	2816	3.0
248	2511	0.889032
248	3109	0.2236068
249	2953	0.62456393
249	2842	0.417721
249	5099	0.15253201
250	2356	0.6692901
250	2542	0.09128709
250	2525	0.07254762
251	3514	1.0
252	2397	0.3051683
253	4809	0.09449112
254	2537	0.54889107
254	2695	0.22387405
254	2284	0.2152169
255	2770	2.0
255	2365	2.0
255	2492	0.551201
255	3859	0.13608277
257	2869	2.0
257	2984	1.1705438
257	2148	0.5809429
257	2505	0.34145793
258	2223	0.43287855
258	2419	0.118469775
258	3123	0.10540926
259	2286	0.60808116
259	2310	0.54395217
259	2469	0.2224745
260	6712	1.0
260	3187	1.0
261	3389	1.0
262	7038	1.0
262	4626	1.0
262	2942	0.3786878
263	2718	2.0
263	3360	2.0
263	2556	0.5863501
263	3349	0.32062462
263	2872	0.2831866
264	2322	0.30996415
265	3363	2.0
265	3239	2.0
266	3864	2.0
266	2277	2.0
266	2228	2.0
266	3349	0.5877965
267	2300	0.25653386
267	2327	0.20801859
268	3109	0.5103104
268	2059	0.13801311
269	2222	0.39334905
269	2426	0.22645542
270	3218	1.0
270	5244	1.0
270	2045	1.0
270	2950	1.0
270	3070	0.6943994
272	2227	1.0
275	3522	2.0
275	3360	2.0
275	7243	2.0
275	2701	1.0224744
275	3526	0.97088575
276	5820	0.13405472
276	2557	0.0860663
277	2167	2.0
277	2623	2.0
277	2216	1.282819
277	5037	0.39896506
277	2548	0.33463725
278	3235	0.08147088
279	4524	0.36017096
279	2492	0.25322473
280	4331	1.0
280	2206	1.0
280	2724	1.0
280	2181	1.0
280	2712	1.0
281	2091	1.0
281	4968	1.0
281	2889	0.07079923
282	2921	2.0
282	2698	2.0
282	2460	2.0
283	4332	1.2736286
283	6032	1.0
283	5361	1.0
283	2157	0.27276334
284	3039	0.4462301
284	2202	0.15370953
284	2952	0.08891084
285	2296	1.0
285	2323	0.6677057
285	2537	0.56446713
285	2083	0.53282046
285	2478	0.35671264
286	2969	1.0
286	7366	1.0
286	5912	1.0
286	2435	0.37453562
287	3217	1.0
288	2804	3.0
288	2943	3.0
288	3101	3.0
288	2909	0.8041633
289	7411	0.33350286
289	4919	0.20412415
289	6397	0.15488341
289	3442	0.07559289
290	5006	0.1769959
291	4073	1.0
291	2361	1.0
293	2251	0.44363037
294	6708	1.0
294	5180	1.0
294	2214	0.4424058
294	2371	0.26499778
294	2050	0.22099827
295	4023	2.0
295	3107	2.0
295	2720	0.6288583
296	3360	1.0
297	2293	1.0
297	4164	0.06324556
298	7515	1.0
298	7516	1.0
298	7184	0.27342093
299	2675	1.0
299	7145	0.6858406
300	2909	1.5681102
300	3110	1.0
300	2908	1.0
300	2946	1.0
300	3240	1.0
301	2325	0.9765892
301	2542	0.102743454
301	3095	0.052057922
301	2695	0.03928371
302	3363	1.0
302	5433	1.0
302	2157	0.09534626
304	2536	1.0
304	2519	0.5560231
304	2530	0.32901606
305	3048	1.0
305	4500	1.0
305	2282	0.038235955
306	4562	2.0
306	2859	0.25414175
306	3100	0.048795003
306	2894	0.035805743
307	2286	0.8937045
307	2285	0.4051128
307	2709	0.3065195
307	2528	0.29063717
307	2201	0.16012815
308	2640	1.0
308	3449	0.33966017
308	2083	0.2432247
308	2327	0.22879246
309	2538	0.29755467
309	2520	0.057353932
310	2299	0.5962113
310	2880	0.56526774
310	7642	0.36438167
310	2311	0.19945973
310	2305	0.1839418
312	3503	0.6800186
313	2083	0.1735779
313	2251	0.07537784
316	5437	0.14142135
316	4767	0.12909944
316	2726	0.08032193
316	2394	0.059761427
316	2083	0.043355495
317	2251	0.67333376
318	2455	0.60452306
319	3933	1.0
320	2075	2.0
320	2201	0.39370382
320	5691	0.2886684
320	2148	0.23354968
320	2700	0.12856486
321	7038	1.0
321	3959	1.0
321	5433	1.0
323	3391	1.275349
323	2148	0.4749729
324	2184	1.0
324	2294	1.0
324	2083	0.04188539
325	2402	1.0
326	7822	2.0
326	2343	2.0
326	2675	2.0
326	4068	2.0
326	2287	1.0649269
327	3219	1.0
327	4185	1.0
327	3736	1.0
328	2455	1.3650253
329	4587	3.0
329	3174	3.0
329	2167	3.0
329	2493	3.0
329	2532	0.20555064
330	2530	0.2404415
331	2326	0.67584866
331	2251	0.60506415
332	2251	0.6909886
332	2308	0.50317717
332	2695	0.21385671
332	2469	0.16111879
332	2380	0.14149506
333	2542	0.31262362
334	4177	3.0
334	4185	3.0
334	5927	3.0
334	3532	3.0
334	4195	3.0
335	5465	2.0
335	2423	0.7415912
335	2093	0.52191097
336	2190	1.0
336	2156	1.0
336	3826	0.6288683
337	2868	1.0
339	2455	1.2468667
339	2336	1.1527176
339	2312	1.0
339	2277	1.0
339	6610	1.0
340	7996	3.0
340	6724	3.0
340	5256	0.13608277
341	2176	4.0
341	2224	4.0
341	3177	1.463123
341	2482	1.1520833
342	2157	0.856347
342	8021	0.39463007
344	5222	0.73357207
344	2216	0.40824008
344	3113	0.13752967
344	2603	0.044543542
345	2807	2.0
345	5033	2.0
345	2202	0.78640246
346	5808	1.0
346	2410	1.0
346	3828	1.0
346	8080	0.31142652
347	3039	2.6105936
347	4581	1.7357075
347	2444	1.5086684
348	3234	2.0
348	3845	0.22038653
349	2069	1.0
349	5916	1.0
349	4767	0.096225046
350	2513	1.0673816
350	4641	0.699278
350	6258	0.31255892
352	2338	1.1893212
352	2334	0.74152875
352	2323	0.39061338
352	2528	0.33906633
354	2914	2.0
354	2023	2.0
354	2944	0.80135465
354	2933	0.5822336
354	3403	0.2903399
355	4016	0.27228323
356	2326	1.1687301
356	3587	1.1167814
356	2343	1.0
356	2904	1.0
356	2235	0.7169971
357	2599	0.9187357
357	2325	0.5280717
357	2270	0.16903085
357	5195	0.14972317
358	2953	0.33553976
358	2532	0.27626133
358	2889	0.27488208
360	8230	0.2173479
361	2542	0.18838279
361	3146	0.06299408
362	2828	0.21606041
362	8259	0.096225046
363	2289	1.0
363	2083	0.49295563
363	2334	0.4910146
364	2480	2.0
364	3185	1.0629349
364	2371	0.86863446
364	2482	0.8485469
364	3845	0.6373977
365	3919	2.0
365	2458	2.0
365	2061	2.0
365	2492	1.0454972
366	3072	0.062017366
368	3351	3.0
368	2969	3.0
369	2716	0.24270198
370	2540	0.3928371
371	2193	1.0
371	3098	1.0
371	2148	0.61965376
372	2459	0.7774085
372	2475	0.23570226
372	2450	0.109353945
373	2310	0.43483037
373	3681	0.43029663
373	2287	0.254812
373	2538	0.087407485
374	2343	2.0
374	2923	2.0
374	3536	2.0
374	2460	2.0
374	2486	2.0
375	3360	1.0
375	3805	1.0
375	3795	1.0
375	2909	0.6969623
375	3342	0.6405873
376	4079	1.0
376	2698	1.0
376	3082	1.0
376	8400	1.0
377	3663	0.5062148
377	2203	0.44895503
377	2475	0.36118326
377	2327	0.11659393
378	2286	1.1390744
379	5864	1.0
379	4942	1.0
379	2364	1.0
379	2911	1.0
379	2184	1.0
380	3968	1.2411604
380	2074	0.9688014
380	5633	0.7279316
380	5949	0.6788423
380	8440	0.27009293
381	2221	0.16586298
382	4903	0.07151985
383	2465	3.0
383	4633	3.0
383	3192	2.0722318
384	2469	0.6592284
384	4904	0.5082496
385	2300	0.20246007
386	2338	0.4679594
386	2635	0.16784877
387	2957	0.19069251
387	2906	0.09805807
387	2538	0.07838618
388	2083	0.30665085
388	2695	0.21237072
388	3442	0.07559289
389	2739	0.5144958
390	2469	0.36788774
391	3932	1.0
391	2889	0.8599851
391	4612	0.09162352
392	6704	0.21034995
392	2282	0.15631263
393	2327	0.10341754
394	2372	0.12309149
395	8597	1.0
395	8587	1.0
395	2061	1.0
395	3704	0.38810644
396	3265	1.7706884
396	2921	1.0
396	2175	1.0
396	4724	1.0
396	2224	1.0
397	2338	0.54772055
397	2049	0.11785114
398	2047	2.0
398	2132	2.0
399	6652	2.0
399	2406	2.0
399	2901	2.0
399	6178	0.7416627
399	4554	0.23658656
400	4532	0.82034147
400	2053	0.6702213
401	4918	0.93405825
401	2435	0.44560966
401	2896	0.13608277
402	2957	1.0925415
402	6032	1.0
402	2222	0.8087081
402	2211	0.4454826
402	2497	0.16966939
403	2494	4.0
403	6711	0.45781165
404	2023	1.0
404	2006	1.0
404	2776	0.7246189
405	2572	0.09723055
406	6456	4.0
406	3532	4.0
406	2746	4.0
407	2854	1.0
407	2556	0.710438
407	2505	0.6757851
407	6227	0.62344337
407	3415	0.3764716
409	2012	1.8449705
410	4911	1.8593695
410	8489	1.774735
411	2217	0.90303004
411	3929	0.7938825
411	2439	0.73467237
411	2739	0.5749591
411	2596	0.3262549
412	5138	1.0
412	3080	1.0
413	3704	0.11268724
414	2911	1.0
414	8813	1.0
414	4766	0.09090909
414	8805	0.0717496
416	2153	0.6616199
416	3698	0.2153714
418	3360	3.0
418	3134	3.0
418	2221	0.62336665
418	7564	0.1118034
419	3403	0.41574243
420	2455	0.17699808
420	2319	0.06622662
421	4429	0.10016707
422	7801	0.896024
422	2700	0.16276625
422	8919	0.0805823
423	4015	2.0
423	5252	0.31782413
424	2025	2.0
424	2156	2.0
424	5171	2.0
424	2597	0.33151174
424	3053	0.3231067
426	4328	1.0
426	3349	0.36405295
426	2909	0.2738613
427	7841	0.8049748
427	3403	0.3710903
427	2221	0.1973855
427	2059	0.16276625
428	2947	1.0
428	3357	0.24149203
428	2812	0.18257418
428	2704	0.0766965
429	2047	6.0
429	2167	6.0
429	2438	6.0
429	8971	0.25404763
429	2585	0.03676073
430	2221	0.21516478
431	3942	1.0
431	2148	0.9947344
431	2200	0.20856419
431	4613	0.14141805
431	2848	0.07905694
433	3508	2.5534165
433	8098	1.4512358
433	5333	1.0
433	2153	0.4458735
434	2527	1.0
434	2082	1.0
434	2222	0.52561814
434	2220	0.12909944
435	2061	2.0
435	2538	0.16579366
435	2906	0.125
438	6059	3.0
438	2803	3.0
438	4364	3.0
438	2720	0.7418376
438	2157	0.07537784
439	4016	0.16505542
440	2206	1.0
440	3360	1.0
440	2854	1.0
440	2148	0.5851548
440	2469	0.25304
441	2300	0.63924503
441	2455	0.45053953
441	2322	0.34814495
442	2083	0.59386545
442	8312	0.5879271
442	2424	0.31582826
444	3039	1.7184952
444	2480	1.0
444	4594	1.0
444	3081	1.0
444	2349	0.39656565
445	3503	0.5318754
445	4517	0.21542227
446	2286	0.7286115
446	2519	0.6345705
446	2880	0.62538296
446	2308	0.5494914
447	3645	1.0
447	9176	1.0
448	2285	0.6715968
448	2282	0.08538032
449	5692	2.760309
449	2984	2.0908167
449	2988	2.0230768
449	2053	1.9263374
449	3005	1.0
450	2963	2.0
450	2519	0.5194916
450	3968	0.43964738
450	2992	0.4259398
450	2889	0.23983009
451	2433	0.31843823
451	2050	0.08111071
452	3118	1.0
452	2597	0.059761427
453	4565	1.0
453	2412	1.0
453	3414	1.0
454	2245	0.16265002
454	2282	0.07751967
455	4161	1.0
455	3450	0.2528394
456	2184	2.0
456	9113	2.0
456	5363	2.0
456	2239	2.0
456	4610	2.0
457	3417	1.0
457	5975	1.0
458	2946	1.0
458	3032	1.0
458	5180	1.0
458	5330	1.0
458	2148	0.31797653
459	9263	3.0
459	3342	0.6058501
459	2832	0.5686511
460	3929	0.12060454
461	2153	0.55262285
461	3704	0.18002057
462	7642	1.6857566
462	2287	1.4595835
462	2529	0.71081203
462	2674	0.63505
462	2897	0.342549
464	2921	3.0
464	3286	0.5069203
464	3903	0.1
466	2295	0.7842062
466	2235	0.78050643
466	2083	0.6537224
466	2288	0.23013043
466	2372	0.10584755
467	2854	3.0
467	3351	3.0
467	3808	3.0
467	2166	3.0
469	2299	0.72655624
470	2537	0.7351044
470	2906	0.7331356
470	2334	0.70599353
470	2300	0.13946599
470	2185	0.1162795
471	2282	0.038235955
472	3230	1.0116671
472	7823	0.48323977
472	2538	0.23877797
473	2201	0.2988032
476	2371	1.186579
476	3171	1.0357107
476	2712	1.0
477	3926	0.11111112
478	3097	1.0
478	2608	0.5714761
478	2872	0.52022004
478	2955	0.5155374
478	2606	0.15523568
479	2776	1.2540216
479	2498	1.0
479	3330	0.08451542
480	3503	0.94944704
480	2697	0.706698
481	2083	0.36894107
482	6003	0.6457506
483	2512	1.0
483	2516	1.0
483	2518	1.0
483	2491	0.21721265
483	3699	0.028867513
484	2972	1.0
484	4585	1.0
484	4515	0.21268755
485	2289	1.0
485	6266	1.0
485	2904	1.0
485	3045	1.0
485	7624	1.0
486	2950	1.0
486	4777	1.0
486	2066	1.0
486	2481	1.0
486	3794	1.0
487	5330	2.0
487	4715	2.0
487	2484	0.35549888
487	7096	0.25972056
489	2221	0.14014575
490	2799	0.19069251
491	3360	3.0
491	3672	3.0
491	2821	3.0
491	6740	3.0
491	2406	3.0
492	2455	0.6864624
492	2537	0.5627079
492	2394	0.29647344
492	2894	0.073685035
492	2282	0.038235955
493	3402	2.0
493	2157	0.21320072
494	7290	1.0
494	8092	0.18898223
495	2287	1.1522088
496	9649	10.0
496	2214	0.26742905
497	4008	0.41767532
497	4036	0.069006555
498	2324	1.0
498	2673	1.0
498	2066	1.0
498	2325	0.47127753
498	2310	0.2893126
499	2283	1.0
499	5077	0.9573687
499	2083	0.4048855
499	2251	0.26019675
500	5151	1.0
500	2783	1.0
500	2673	1.0
500	2295	0.4875013
500	2323	0.29932627
501	3864	4.0
501	2338	0.8933916
501	2282	0.07751967
501	3438	0.0745356
502	2295	0.83430934
502	3028	0.41356194
502	2282	0.07751967
503	2160	0.38662422
503	2952	0.18902251
503	3090	0.09304842
504	5692	2.6964138
504	2078	1.2941992
504	2061	1.0
504	2167	1.0
504	5820	0.12035835
505	2859	1.4646566
505	2729	0.61092603
505	4814	0.52593213
505	2556	0.50973904
507	3081	2.0
507	2505	0.20412414
508	5677	1.0
508	2866	1.0
508	2078	0.7692081
509	6093	1.4907694
509	2466	1.114234
509	2402	1.0
509	2283	1.0
509	5783	1.0
510	2914	2.0
510	2170	2.0
510	5471	2.0
510	7038	2.0
511	3360	4.0
511	4801	1.1896981
511	2847	1.0362493
511	2418	0.4326908
511	3501	0.36869168
512	5730	2.0
512	3245	2.0
512	2041	2.0
512	6206	2.0
513	3998	1.0
513	2908	1.0
513	2151	1.0
513	2718	1.0
513	2566	1.0
514	2914	4.0
514	3265	1.6696873
514	2825	1.2638714
514	3403	0.944137
514	2700	0.4583453
518	2308	0.49787652
518	2282	0.038235955
519	3696	0.11803341
519	7424	0.10660036
520	7236	2.0
520	2030	2.0
520	3294	0.5432106
522	2422	0.3223292
522	3407	0.30403066
523	2527	2.0
523	2001	2.0
523	2175	2.0
523	2153	0.49497467
523	2703	0.083333336
524	6592	0.7325343
524	9886	0.54165816
525	4438	2.993562
525	5423	1.6480312
526	9941	1.2199361
526	4876	1.1576854
526	8904	1.1031028
528	2069	1.0
528	3107	1.0
528	2509	1.0
528	2221	0.284765
528	2973	0.08164965
529	5566	2.0
529	2167	2.0
529	8171	0.38617048
529	2422	0.30422541
530	2181	1.0
530	2621	1.0
530	2984	0.43009287
530	3839	0.2567915
530	2251	0.2187308
531	2349	0.108465225
531	2300	0.057166193
532	4956	1.6419084
532	4232	1.5358799
533	2323	0.28862175
533	2049	0.26401567
533	2327	0.0418121
534	2455	0.43519697
535	2295	0.7292913
536	2937	0.2692628
537	2057	1.0
537	2170	1.0
537	3081	1.0
537	2286	0.25079197
537	3370	0.18898223
539	2184	2.0
539	2045	2.0
539	3089	2.0
539	3782	2.0
539	2053	0.58995515
540	2315	0.4617064
540	3034	0.42486554
540	2319	0.32251173
540	2681	0.2828427
540	10051	0.2581989
541	8162	2.010183
542	4755	0.5115951
543	2151	1.0
543	2283	1.0
543	2155	0.030772874
544	2822	6.0
544	3546	6.0
544	4177	6.0
544	3532	6.0
544	2836	0.2208732
545	6262	4.0
545	2184	4.0
545	8311	0.52909946
545	2223	0.5051495
545	2192	0.27216554
546	7642	1.711698
546	7253	1.0798446
546	2695	0.105940334
546	2729	0.08830216
547	4763	0.119098276
549	10061	2.0
549	2164	2.0
550	2460	1.0
550	3419	1.0
550	2788	0.5212229
550	2450	0.22965941
551	2310	0.117073216
551	2300	0.07647191
551	6207	0.07443229
552	2286	0.19166297
553	7127	0.14150132
553	4447	0.06299408
554	4189	2.0
554	2203	0.3544377
554	2531	0.17407766
554	4830	0.09534626
556	2992	0.4162192
557	2286	0.2624337
557	2282	0.038235955
558	6281	0.07537784
559	2430	2.0
559	10260	2.0
560	3136	1.2936184
560	5222	0.5910963
560	3691	0.31613824
561	2285	0.5621762
561	2716	0.046829287
562	2973	0.2731252
562	2952	0.14894465
563	2075	2.0
563	2837	2.0
563	2146	0.74879575
566	5600	1.0
566	2083	0.5730366
567	2078	1.3495543
567	4582	1.0
567	6600	1.0
567	2066	1.0
567	5962	1.0
568	2526	1.0
568	2440	0.27739486
568	3374	0.27101636
568	3381	0.1230915
568	2049	0.04012862
569	3510	0.93289864
569	10120	0.7230126
569	10393	0.5896018
569	8995	0.5454778
569	3366	0.08908708
570	4823	1.3245506
570	6095	1.112335
570	2821	1.0
570	2491	0.81112325
570	3845	0.7399536
572	2909	0.38046706
573	3587	1.8309126
573	2286	1.4843812
575	4068	2.0
575	3511	2.0
575	2419	1.0270989
575	2148	0.6266604
576	6053	2.0
576	4612	0.14577655
576	2894	0.10240132
576	2372	0.043519415
577	2897	0.7453257
577	2286	0.683983
577	4020	0.40465552
578	2206	3.0
578	4476	3.0
578	3991	0.34439847
578	2434	0.07715168
579	2182	1.0
579	2184	1.0
579	6282	1.0
579	5864	1.0
579	6576	1.0
580	5810	1.0
580	2673	1.0
580	2371	0.23230782
580	2706	0.10327955
580	10221	0.0625
583	2412	3.0
583	2418	1.681226
583	3230	0.5079636
584	2219	2.0
585	2201	1.2259699
585	3403	0.6900318
586	2319	0.6478964
586	2304	0.18706352
587	2837	2.0
587	2809	2.0
587	2973	0.75706893
587	2059	0.12909944
588	5538	0.9733273
588	2178	0.25983804
588	2059	0.16742662
589	3416	0.4438128
589	2231	0.2781862
589	2153	0.2236068
590	2455	0.731612
590	2049	0.17609237
590	2080	0.09567297
590	2174	0.06454972
591	3805	2.0
591	2908	2.0
591	2624	0.06488857
592	2338	0.7800171
592	2323	0.5938966
592	2284	0.24514458
593	2959	1.7178247
593	5633	0.19088542
594	4881	1.1006421
594	4767	0.8095833
594	2859	0.780934
594	2722	0.37086317
594	6373	0.23596995
595	4509	2.0103548
595	2164	2.0
595	5843	2.0
596	4844	1.3537073
597	2423	0.6530894
597	2548	0.24720097
597	5181	0.10767638
598	4108	2.0
599	4039	1.0
599	4052	0.21451351
600	2686	0.8005577
600	2319	0.56072015
601	2754	1.0
601	2211	0.9657923
601	8278	0.88226736
602	2908	1.0
602	2498	1.0
602	2803	1.0
602	2484	0.84975934
602	2957	0.7745259
603	3237	2.0
603	3369	1.6734432
603	2153	0.7735545
603	2399	0.74259526
604	6042	0.05170877
605	2497	0.24735284
606	3035	1.0
606	3402	1.0
606	2364	1.0
606	3772	1.0
607	5059	0.28603876
607	2325	0.27132225
608	2252	0.12758696
610	2052	1.1586893
610	2529	0.1042572
611	2251	0.970391
612	2181	2.0
612	4500	2.0
612	6225	0.08084521
614	6646	0.7112939
616	2427	0.34132606
617	2430	1.0
617	3064	1.0
617	2093	0.7313856
618	7788	0.6203334
618	3095	0.10050379
619	2319	0.31340733
619	2539	0.25853413
619	2505	0.1118034
620	4331	3.0
620	3536	3.0
620	6683	3.0
621	2492	0.21081851
622	3919	3.0
622	6934	0.8590179
624	2685	5.0
624	4827	5.0
625	4053	1.0
625	6381	1.0
625	2482	0.62843114
626	6704	0.40448952
626	3447	0.26662084
627	2317	1.0054663
628	3360	4.0
628	7038	4.0
628	3403	1.2414724
628	2192	0.6034585
628	6275	0.5253176
630	2950	1.0
630	7647	1.0
630	2151	1.0
630	4832	1.0
630	2673	1.0
631	4079	2.0
631	10511	2.0
632	2312	1.0
632	9234	1.0
632	2460	1.0
632	2680	1.0
632	6468	1.0
633	6973	2.0
633	2709	0.340284
633	3788	0.16666667
633	3366	0.13608277
634	2538	0.35846648
634	2298	0.29602292
634	4957	0.27172536
635	5844	1.318362
636	2317	0.08247861
636	2155	0.034503277
637	2511	1.2920818
637	2294	1.0
637	10716	1.0
637	2193	1.0
637	2221	0.34748366
638	3089	1.0
638	2992	0.77882236
639	3197	2.0
639	3501	0.06917144
640	2418	0.6415656
640	2059	0.21966276
641	3447	0.3563483
641	2538	0.087407485
642	2295	1.1259862
642	2537	1.1115785
642	2695	0.46095496
643	2338	0.29399216
643	2419	0.21498299
643	2325	0.19995531
644	2221	0.43295723
645	2211	1.0499421
646	7132	2.0
646	4918	0.30603313
647	2739	0.14451656
648	2556	1.3965057
648	5701	0.27509543
649	2050	0.34885418
649	2169	0.15569979
650	2075	2.0
650	2273	2.0
650	4029	2.0
650	2288	0.14350946
651	3349	1.3607929
651	2908	1.0
651	2170	1.0
652	2539	0.78537625
652	3033	0.65548563
652	2349	0.48705742
652	2327	0.22578765
654	4205	2.3542597
654	4957	0.29899198
655	2286	0.19194299
655	2282	0.038235955
656	8479	0.051639777
658	2500	2.0
658	5425	2.0
658	2006	2.0
658	2948	0.10206207
659	10119	0.57337993
660	2908	4.0
661	4332	1.0344664
661	4168	1.0
661	2726	0.39988714
661	8814	0.3027559
661	2700	0.1657316
662	2153	1.6670451
662	2430	1.0
662	2850	1.0
662	3805	1.0
662	7184	0.22951803
663	2943	2.0
663	11101	2.0
663	3795	2.0
663	4767	0.527436
664	3600	0.35981885
665	2287	2.006458
665	2519	1.6823949
665	2479	1.601814
665	3466	0.7281498
665	3442	0.505287
666	3285	2.0
666	5693	0.7239617
667	3349	0.53460425
668	4588	7.0
668	3186	1.1605964
668	6301	0.96568537
668	2806	0.33069003
669	2305	0.3454544
669	2295	0.24053513
670	2078	1.694651
670	3975	1.0
670	2066	1.0
670	2200	0.08728715
671	3349	0.61178184
671	4814	0.3774894
672	6526	2.0
672	3125	2.0
672	3406	0.55983853
672	2942	0.33217847
673	3723	0.75019634
674	2538	0.36362338
674	4506	0.18315673
674	2318	0.12909944
675	2327	0.10986294
675	2322	0.108465225
676	3064	3.0
676	8902	0.1672484
679	2593	0.27653193
681	2338	0.5254472
681	4509	0.39428166
681	2179	0.36503386
682	11027	2.0
682	3207	2.0
682	5864	2.0
682	2845	2.0
682	2181	2.0
683	2286	0.354593
683	2323	0.20164707
683	2695	0.09968349
684	4957	0.80960524
684	2473	0.10420638
685	5631	0.41284084
685	3380	0.28042033
686	2023	1.0
686	3351	1.0
686	3240	1.0
686	5425	1.0
686	2712	1.0
687	2325	0.32011726
688	2406	6.0
688	2712	6.0
688	2228	6.0
688	2608	1.0170765
688	2325	0.5814284
689	2859	0.8177401
689	2700	0.36373007
690	3746	0.16269784
691	2184	2.0
691	2223	1.1521273
691	2485	0.2519763
691	2050	0.15758261
691	2700	0.08703883
692	4122	2.0
692	2083	0.17209226
693	2083	0.18550709
693	2635	0.07537784
694	2283	1.0
694	4921	0.9392413
696	2510	2.0
696	2491	0.9567845
696	4936	0.76609194
696	3171	0.65966064
696	2492	0.10540926
697	2822	6.0
697	3082	6.0
697	7844	6.0
697	3178	0.19999999
697	3183	0.17677669
698	2300	0.15980524
699	2228	3.0
699	5691	1.118735
700	3604	1.0
700	3397	1.0
700	3177	0.7041165
700	4221	0.112109765
702	3360	2.0
702	5526	2.0
702	2950	2.0
702	8165	0.40238214
702	2247	0.3743662
703	2221	1.1439155
703	3872	0.7032019
703	2593	0.6259885
703	2222	0.28793398
704	2197	2.0
704	3919	2.0
704	2683	2.0
704	2976	2.0
704	2075	2.0
705	2285	0.30064866
705	2251	0.17273931
706	3191	1.0
706	2515	1.0
706	2419	0.3782823
706	3600	0.3410117
707	3234	4.0
708	2973	0.08164965
708	3235	0.0358748
709	5244	1.0
709	2990	0.72968984
709	3869	0.41369525
709	2988	0.34331867
709	2593	0.085592106
710	2066	2.0
710	2950	2.0
710	3370	0.55605274
710	2701	0.10910894
711	2397	1.905041
711	3999	0.8448744
711	2497	0.63866496
711	2322	0.0766965
712	2360	1.0
712	7822	1.0
712	2556	0.22309232
713	3624	0.78257364
713	5006	0.48781443
714	2184	1.0
714	2170	1.0
714	2167	1.0
714	2027	0.14727491
715	3450	0.32540464
716	6890	0.16896436
717	4483	0.39220977
717	2083	0.19909978
717	2304	0.092673756
718	2265	0.655836
718	9968	0.55334973
718	2261	0.54568857
718	2295	0.059761427
719	3349	0.71928924
719	4818	0.39917308
720	3363	1.0
720	4617	1.0
720	7363	1.0
720	3137	1.0
720	2192	0.35355338
721	5008	7.0
721	2957	0.246183
722	7135	3.0
722	9172	3.0
723	9962	0.19380118
724	3454	0.18898223
725	2292	0.17160895
727	2412	2.0
727	2748	2.0
727	4656	2.0
728	3381	2.1602612
728	2412	1.0
728	5374	1.0
728	2193	1.0
728	2739	0.114613
729	3766	1.0
729	2973	0.11547005
731	9600	4.0
731	2223	1.4841328
731	2201	0.98437774
732	5603	1.0
732	3233	0.5083521
732	2851	0.43517852
732	3070	0.29405886
733	2261	0.50727123
733	2323	0.49204051
733	2371	0.1490712
734	2285	0.93239236
734	3450	0.33979085
734	6707	0.29534626
734	7144	0.28374317
734	10179	0.23304291
735	6600	2.0
735	2187	2.0
735	3142	2.0
735	2710	1.1714109
735	2153	1.1483772
736	2224	2.0
736	2480	2.0
736	2821	2.0
736	2482	0.7416475
736	2511	0.6503419
737	2538	0.24263
737	2201	0.16012815
737	4506	0.110417426
738	4832	1.0
738	2221	0.36794788
738	3349	0.1965532
739	2292	0.25433892
739	2322	0.1233725
741	2364	2.0
741	6206	2.0
741	3095	0.13608277
742	3008	1.321426
742	3064	1.0
742	4514	1.0
742	10475	0.14433756
743	2928	0.45218718
743	2701	0.22792116
744	2279	0.6224175
745	4011	0.19364917
746	2449	0.56056255
747	2610	0.22019275
748	2166	2.0
748	3112	2.0
748	2371	0.25
750	2322	0.08502425
751	2295	0.23930764
751	2322	0.09166985
753	2904	8.0
753	2841	8.0
754	7802	1.0
754	6232	1.0
754	3726	1.0
754	2075	1.0
754	2223	0.2611165
755	5059	1.7552735
755	2640	1.0
755	2449	0.7287067
755	2083	0.3008446
756	2452	0.3392172
757	2286	0.19194299
757	2539	0.13074408
757	2899	0.044992127
758	2153	1.5122302
758	9031	1.0
759	3381	0.9469219
759	3177	0.78003466
760	2049	0.04012862
762	3097	2.0
762	2153	0.6882314
762	3222	0.37200063
763	3937	0.9405018
763	2261	0.92117816
763	2265	0.8906196
763	12109	0.27576137
764	8131	5.0
764	9492	1.4424844
765	2206	3.0
765	2418	2.3907943
765	2710	2.1987789
765	2423	1.4014367
765	2703	0.8923512
766	2197	1.0
766	7294	0.29595593
766	3391	0.26775217
766	8021	0.23733695
767	3454	0.10101525
768	4770	1.0
768	3197	1.0
768	6372	0.82977164
769	6040	1.0
769	6202	1.0
769	5439	1.0
769	5227	0.15075567
770	6600	1.0
770	3089	1.0
770	2616	0.8686487
770	2596	0.8411067
770	2952	0.6505788
771	4506	0.12681311
772	2512	1.0
772	6071	1.0
772	2595	1.0
772	2149	0.19858755
772	2080	0.1521892
773	2911	2.0
773	3988	2.0
773	2175	2.0
773	5388	1.2179257
773	2934	1.0990552
774	6145	1.0
774	9177	1.0
774	5202	0.10050379
775	4326	1.1053593
775	2181	1.0
775	6375	1.0
775	2909	0.9140274
775	3370	0.08333333
776	2300	0.090721846
777	2746	1.0
777	6742	1.0
777	3950	1.0
777	3781	1.0
777	3089	1.0
778	2097	2.0
778	3385	2.0
778	2739	0.2496043
778	3409	0.06741998
779	10061	3.0
779	2801	3.0
779	2482	1.951765
779	2701	0.2829914
779	2531	0.17407766
780	3083	1.0
780	2845	1.0
780	3769	0.19312182
784	3669	4.0
784	2458	4.0
784	7186	4.0
784	2224	4.0
784	6966	4.0
785	3351	1.0
786	5405	4.0
786	5419	4.0
786	3193	4.0
786	2082	4.0
787	2311	1.113444
787	3498	0.9332277
787	2542	0.35432374
787	3023	0.2630974
787	2282	0.1846444
788	2230	1.034254
788	5374	1.0
788	2216	0.92071146
788	4521	0.7454497
788	5393	0.52364635
789	2955	0.55017215
789	2433	0.3645827
791	2460	2.0
791	2676	2.0
791	2296	2.0
791	3675	2.0
791	2286	1.0338862
792	2455	0.9807578
793	2065	1.0
793	4007	1.0
793	2299	0.8207275
793	4439	0.3461878
793	2701	0.10101525
794	2822	3.0
794	4936	0.18257418
795	3039	1.5830554
795	2848	0.31253892
795	2078	0.1835782
796	2224	1.0
796	3397	1.0
796	2447	0.848869
796	2422	0.80152166
796	2214	0.6395196
798	4519	1.0
799	4752	4.0
799	3991	0.1611646
800	5452	0.53147256
800	9293	0.16539186
801	2184	2.0
801	6600	2.0
801	2691	2.0
801	3476	0.13333333
802	3081	3.0
802	6600	3.0
802	5654	2.6726556
802	2223	2.200087
802	2419	1.9668692
803	4328	2.0
803	2283	2.0
803	2228	2.0
803	2222	0.3822245
803	3070	0.089087084
804	3903	0.7388682
804	2700	0.34649563
805	2523	0.63335866
807	6008	1.0
807	2708	1.0
807	2534	0.14142135
807	2214	0.1230915
808	2683	3.0
808	2908	3.0
808	7034	0.36291003
809	2323	0.63909
809	2537	0.5995855
809	2319	0.3773522
810	2691	3.0
810	4504	0.33678764
810	2120	0.09534626
810	3289	0.07412493
810	2060	0.057735026
811	2061	1.0
811	2455	0.7806126
812	3074	0.8793279
812	6697	0.1657817
812	2726	0.121435344
814	2293	1.0
814	3028	0.20976165
814	2282	0.038235955
815	3237	1.0
815	8007	1.0
815	2406	1.0
815	3752	1.0
815	4641	0.30274945
816	3900	3.0
816	3650	3.0
816	2538	0.087407485
816	2695	0.03928371
816	2282	0.038235955
817	2343	3.0
817	2289	3.0
817	2904	3.0
817	5356	3.0
817	2478	0.59374243
818	2308	0.792817
818	2450	0.29544368
818	2292	0.096225046
819	2222	0.49102202
819	2695	0.083333336
820	2157	0.36363637
822	3942	2.0
822	2193	2.0
823	3357	1.5737728
823	4765	1.0
823	3794	1.0
823	10584	1.0
823	4764	0.87664807
824	2184	2.0
826	3360	2.0
826	3966	2.0
826	4460	2.0
826	6576	2.0
826	3402	2.0
827	2047	3.0
827	2101	3.0
827	2221	0.30704397
828	2146	0.52480096
829	2293	1.0
829	2251	0.75796664
829	3811	0.49557477
830	8311	3.0237749
830	3029	3.0
832	3035	3.0
832	2969	3.0
832	2919	0.25436282
832	2701	0.11396058
833	2289	1.0
833	2066	1.0
833	2184	1.0
833	2492	0.1118034
833	7034	0.10460225
834	2286	0.78960776
834	2469	0.43580613
834	2285	0.26946127
834	2304	0.086834066
835	8306	2.0
835	2460	2.0
835	8401	2.0
835	2283	2.0
835	3036	2.0
836	12127	1.0
836	2066	1.0
836	2624	0.48452717
837	8131	1.0
837	5163	1.0
837	2364	1.0
837	2512	1.0
837	3903	0.119522855
838	4941	1.0
838	2192	0.44468948
838	2531	0.19245009
839	2542	0.38378257
841	3801	1.9667528
841	2701	1.225887
841	5390	1.0
841	2923	1.0
841	2728	1.0
842	2430	1.0
842	2527	1.0
842	9025	1.0
842	3777	1.0
842	3109	0.74794406
843	2009	1.0
843	4941	1.0
843	2908	1.0
844	2234	2.0
844	2923	2.0
844	6410	2.0
845	2283	2.0
845	2273	2.0
845	2305	0.17392932
846	7515	1.0
846	2850	1.0
848	3176	3.0
848	2371	1.9563819
848	3857	1.7766336
848	2681	1.2951771
848	3854	1.0308747
849	3631	1.0
849	3504	1.0
849	2469	0.11094004
850	4596	1.0
850	2176	1.0
850	5253	1.0
850	5808	1.0
850	2082	1.0
852	3083	1.0
852	2691	1.0
852	3235	0.32633203
852	2778	0.2772798
852	5040	0.26115778
853	5252	0.286649
854	3697	4.0
854	9263	4.0
855	4652	1.0
857	2685	1.0
857	2673	1.0
857	4820	0.2
857	8071	0.09128709
857	2282	0.07751967
858	3252	4.0
858	2908	4.0
859	5890	0.18934515
860	6300	1.486066
860	2426	1.3969704
860	2710	1.3252823
860	2960	1.0790197
862	3294	0.78740764
862	2027	0.4731731
863	4647	2.0
863	4131	2.0
863	4671	2.0
865	2823	8.0
865	2151	8.0
865	2203	0.6533181
865	2814	0.49998838
865	6984	0.18159755
866	8077	1.2850381
866	2197	1.0
866	2842	0.4847846
868	2282	0.038235955
869	6035	1.3001729
870	3031	1.0
870	3029	1.0
870	2531	0.2581989
870	3177	0.10259783
871	6710	2.0
871	7515	2.0
871	2164	2.0
871	4755	0.9501272
871	7086	0.41495705
872	4199	1.0
872	4188	1.0
872	4189	1.0
872	4601	1.0
873	2013	0.088388346
875	2612	1.0
875	2422	0.5004441
875	4016	0.13093074
875	3746	0.0745356
876	2222	0.68128306
876	2318	0.12909944
877	6233	3.0
877	2992	0.5651901
877	2027	0.24313858
877	5252	0.060633905
878	2167	1.0
878	2151	1.0
878	3817	0.054433107
879	2261	1.3104498
879	8476	0.62160724
881	2950	1.0
881	3886	1.0
881	5084	1.0
881	2148	0.8943081
881	2052	0.8403193
882	2322	0.29419315
883	3230	0.19518001
884	2157	0.633706
886	2190	3.0
886	3029	3.0
886	8311	1.2108185
886	3038	0.6040796
886	2157	0.35638756
887	2286	1.4890751
889	2487	2.0
889	13085	2.0
889	2176	2.0
889	6105	0.3021056
889	2492	0.24090284
890	4124	1.4571338
890	8085	1.0
890	2854	1.0
890	3391	0.8486178
891	2536	1.0
891	2294	1.0
891	2160	0.16012815
892	2699	1.0
892	2224	1.0
892	3037	0.48759848
892	2702	0.29635382
893	2746	2.0
893	2412	2.0
893	3699	0.36388555
894	2635	1.021286
894	2962	1.0
894	10950	1.0
894	2285	0.55137736
894	2282	0.03928371
895	2493	1.0
895	5037	0.046423834
896	2853	0.16458064
896	2960	0.12909944
897	5380	2.0
898	3794	2.0
898	3351	2.0
898	5408	2.0
898	2538	0.21131256
899	7238	2.0
900	2216	1.1308264
901	4648	0.34490937
902	2469	0.37707412
902	2327	0.035533454
903	2904	1.0
903	2293	1.0
903	2519	0.36686242
903	2327	0.21229252
903	2354	0.1825508
904	4199	4.0
904	5870	4.0
904	2837	4.0
904	3187	4.0
904	3136	0.93297076
905	2286	0.35788667
906	2197	3.0
906	2200	0.2593803
907	2597	0.35129604
907	2593	0.16903086
908	2727	1.0
908	2601	1.0
908	2215	1.0
908	3769	0.08989332
910	10592	3.0
910	2151	3.0
911	3449	0.4290399
911	2300	0.1995634
911	2478	0.07106691
913	2184	4.0
913	4827	4.0
913	2612	4.0
913	2325	0.28742033
913	2148	0.2345087
915	2182	2.0
915	2412	2.0
915	2059	0.25864556
915	2455	0.1454786
916	2327	0.114142634
917	2317	1.119427
917	2285	0.7043225
917	2169	0.07537784
918	2317	0.9731759
918	2570	0.37137654
918	2222	0.25315347
921	2255	0.773656
921	2240	0.70866174
921	2221	0.7079289
921	2225	0.15143317
921	2323	0.14142135
922	3450	2.4038744
922	5534	2.2781157
922	10171	0.11344837
922	2449	0.09449112
924	3372	4.0
924	2495	4.0
924	2397	2.3801813
924	3366	0.7675585
925	2187	3.0
925	4332	2.7531247
925	2079	1.350614
925	3845	1.0900217
925	4509	0.7276153
926	3669	3.0
926	2486	3.0
926	2518	3.0
926	3185	1.2037567
926	6301	0.688252
927	2498	1.0
927	3959	1.0
927	3089	1.0
927	8311	0.81081855
927	4820	0.21081851
931	4266	1.5656044
931	4641	1.1704543
931	4262	1.0
932	2319	0.7407887
932	2305	0.4769337
932	2049	0.4389841
932	2304	0.16710576
932	2155	0.11955501
933	5928	3.0
933	2364	3.0
933	4943	3.0
933	2802	3.0
933	2497	0.43237266
934	3234	5.0
934	6831	5.0
934	3222	1.5697339
934	2292	0.6004464
934	6917	0.45200008
935	2082	2.0
935	2294	2.0
935	3844	2.0
935	2251	0.31088415
936	2196	1.0
936	2157	0.9608674
936	2153	0.7646278
936	3094	0.38878095
937	2151	2.0
937	4633	2.0
937	2593	0.29544967
937	2538	0.24805135
938	2695	0.17683727
938	2327	0.036037497
939	2039	2.0
939	2480	2.0
939	5330	2.0
939	2492	0.2345087
939	2530	0.10540926
940	2727	1.0
940	3966	1.0
940	3403	0.51824623
941	3504	3.0
941	7477	0.65304255
941	2192	0.4725038
941	3454	0.10101525
942	2235	1.4480287
942	2295	1.3255104
942	2300	0.47180876
943	3240	1.0
943	2492	0.7588023
943	2203	0.51437974
944	2092	3.0
944	3385	3.0
944	2984	0.5701992
944	2046	0.3236068
944	13450	0.25615823
945	3351	3.0
946	2561	0.66614354
946	2221	0.4320737
946	2593	0.27261463
947	9685	0.66166544
947	2334	0.3123458
948	2539	0.34696394
950	3240	1.0
950	2424	0.19975233
950	2842	0.09805807
951	8904	2.8922722
951	7324	1.4386883
952	3053	2.062379
952	2984	1.9729806
952	3874	1.2994943
952	4916	1.0
952	2181	1.0
953	3435	1.0
953	2460	1.0
953	2325	0.65710455
953	5064	0.47179723
953	9188	0.13101295
954	4703	6.0
954	3171	1.6100327
954	4348	1.3112262
954	2203	1.2888081
954	5012	0.31622776
955	2184	1.0
955	3397	1.0
955	2973	0.6180886
955	2701	0.15430336
955	2059	0.13801311
957	2712	1.0
957	4456	1.0
957	5393	0.104828484
958	2683	1.0
958	2793	1.0
958	2293	1.0
958	2286	0.56282914
958	2525	0.07254762
959	4797	2.0
959	2148	0.23635834
960	2197	2.0
960	2712	2.0
960	3495	0.3414662
960	2148	0.21081851
960	2423	0.14433756
962	3036	3.0
962	7996	3.0
963	2101	2.0
963	6071	2.0
963	7301	0.37603128
963	2221	0.2271002
964	2049	0.045360923
965	2231	0.4717911
965	4820	0.21081851
965	3949	0.083333336
967	4077	1.0
967	2296	1.0
967	2251	0.49700537
967	2354	0.0796819
968	2314	1.0
968	2905	1.0
968	2294	1.0
968	2522	0.08025724
969	2784	2.0
969	2338	0.728224
969	2298	0.20719334
969	2452	0.088840954
970	2156	2.0
970	8034	2.0
970	3122	2.0
970	3395	2.0
970	3623	2.0
972	5408	3.0
972	8582	1.1254253
972	5403	0.61917406
973	4262	2.0
973	3415	0.23705205
974	3459	1.0
974	4916	1.0
975	2282	0.038235955
976	2708	2.0
977	2799	0.63240045
977	5407	0.53009343
977	2599	0.27715328
977	2483	0.15811388
978	2293	1.0
978	2294	1.0
978	5054	1.0
978	2320	1.0
978	2214	0.1230915
979	9176	1.0
979	2294	1.0
979	2406	1.0
979	4161	1.0
979	5296	0.32430375
980	2519	0.51257145
980	2322	0.1038422
981	2455	0.7143523
981	2310	0.545486
981	2336	0.51340044
981	2492	0.1632993
981	4506	0.115269184
982	2579	0.6924488
982	9941	0.5463908
982	2729	0.4888755
982	11200	0.24989443
982	2200	0.17986915
983	3823	1.0
983	2710	0.34128708
983	2252	0.16468129
984	2058	1.0
984	5180	1.0
984	2612	1.0
984	4504	0.82356876
984	2153	0.46539634
985	9886	0.9606913
986	3360	2.0
986	2931	2.0
987	5291	1.0
987	3623	1.0
987	3798	1.0
987	5993	0.4246465
987	2531	0.3342058
988	2695	0.2146929
989	3039	0.610402
989	3391	0.30208838
990	4079	1.0
990	3910	1.0
990	2419	0.6761175
991	2530	1.1839113
991	2285	1.1603729
991	2952	0.6186978
991	2059	0.37858474
991	2327	0.3739497
992	2614	3.0
992	2193	3.0
992	2201	0.695963
992	3088	0.19364917
995	3508	1.8106536
995	2202	1.5450578
995	6447	1.0
995	2219	1.0
995	2606	0.5428577
996	3032	3.0
996	6721	3.0
996	5347	3.0
996	6262	3.0
996	2492	0.59360904
997	2147	2.0
997	3525	2.0
997	2075	2.0
997	3287	2.0
997	3286	0.7491492
999	5507	1.0
999	4755	0.6157421
999	7083	0.40627968
999	2492	0.2345087
1000	2311	0.8382863
1000	2295	0.51760495
1001	3701	3.0
1001	3104	3.0
1001	2828	0.7689324
1001	3095	0.10050379
1002	2709	0.09805807
1003	3454	0.14824986
1003	2894	0.08178608
1004	3374	0.119522855
1004	3235	0.09516423
1005	2167	1.0
1005	2053	0.5849235
1005	2153	0.5441941
1005	2703	0.3664113
1005	2710	0.24999999
1006	3979	2.0
1006	3193	2.0
1006	2229	2.0
1006	7177	2.0
1006	5090	0.16903085
1007	4657	1.0
1007	2227	1.0
1008	2461	0.3412047
1008	5949	0.22574961
1008	2052	0.22156343
1008	2532	0.20872054
1008	2049	0.18317102
1009	2069	2.0
1009	3035	2.0
1010	2251	1.1874624
1010	2991	1.0
1010	3405	1.0
1010	2283	1.0
1010	2057	1.0
1011	3763	0.88092434
1011	2455	0.733132
1011	2295	0.5431337
1011	5534	0.53692615
1011	2245	0.43193662
1012	10065	4.0
1012	4335	0.6996748
1012	9481	0.47794372
1012	2797	0.23904571
1013	3950	2.0
1013	3968	0.24529624
1014	2459	1.2385874
1014	2314	1.0
1014	2312	1.0
1014	2259	1.0
1014	2904	1.0
1015	4946	4.0
1015	7544	4.0
1015	2724	4.0
1016	3844	1.0
1016	4939	1.0
1016	2816	1.0
1016	2676	1.0
1017	2214	1.0212554
1017	2216	0.6016937
1018	3535	2.8344524
1018	2476	2.2943835
1018	2308	1.9548764
1018	5281	1.4902647
1018	9188	0.6714166
1021	6592	2.009892
1022	4924	1.0
1022	6142	1.0
1024	2902	0.3825152
1026	8214	1.0
1026	2460	1.0
1026	5280	1.0
1026	2693	1.0
1026	2675	1.0
1027	6011	1.0
1028	2526	2.0
1028	2512	2.0
1028	5178	2.0
1028	2283	2.0
1028	2963	2.0
1029	2030	2.0
1029	2043	2.0
1029	2031	2.0
1029	3877	0.34471467
1030	2214	0.39428163
1030	3663	0.07312724
1031	2184	1.0
1031	5362	1.0
1031	2460	1.0
1032	2492	0.23904571
1032	3415	0.23705205
1033	14108	1.0
1033	2455	0.5972377
1033	2286	0.5116499
1034	2455	0.81738055
1034	2319	0.49831843
1034	2695	0.24639142
1034	3441	0.081992
1034	2282	0.038235955
1035	4580	1.0606481
1035	2206	1.0
1035	2289	1.0
1035	2219	1.0
1035	2412	1.0
1036	2294	1.0
1036	2228	1.0
1036	2527	1.0
1036	2561	0.05913124
1037	2880	0.55540663
1037	3023	0.0796819
1037	2304	0.035399616
1037	3028	0.03380617
1038	2685	1.0
1038	2346	1.0
1038	3025	1.0
1039	2279	1.2331038
1039	2635	0.98849034
1039	2235	0.852722
1039	2695	0.5512861
1039	5797	0.27668577
1040	7950	2.0
1040	3416	0.80113757
1040	2148	0.44023287
1040	2221	0.26318067
1041	2450	0.10475116
1041	2452	0.038778335
1042	2428	1.0
1042	2193	1.0
1042	2850	1.0
1042	2697	0.95903367
1042	3146	0.2248116
1043	4957	0.87551063
1043	2449	0.6538694
1043	2285	0.34270236
1043	8985	0.04472136
1044	4874	1.0179373
1044	2722	0.93818605
1045	3449	0.9846929
1045	7145	0.6899316
1045	2674	0.19260912
1045	2292	0.0521286
1047	2948	1.3406131
1047	3991	0.31367797
1047	2371	0.24719389
1049	2430	2.0
1049	2842	0.09805807
1050	2350	2.0499861
1050	4427	1.83431
1050	7145	1.7867886
1050	4421	0.6549639
1051	3800	0.80592144
1051	5210	0.31167364
1053	6003	0.5455915
1053	2053	0.3464371
1054	6818	1.0
1054	3784	1.0
1055	5601	1.0
1055	2243	1.0
1055	3108	1.0
1056	2153	0.5160056
1057	2484	2.1436646
1057	2192	2.0768573
1058	2804	5.0
1059	5513	3.0
1060	3844	3.0
1060	2203	1.5005367
1060	4820	0.8944346
1062	2053	0.49900407
1062	2078	0.259479
1063	3700	0.21560252
1064	2527	1.0
1064	2984	0.2300895
1064	2505	0.2236068
1064	3704	0.13801311
1064	2214	0.12909944
1066	5787	2.0
1067	5721	2.0
1067	3493	2.0
1067	3623	2.0
1067	5363	2.0
1067	2431	2.0
1069	3720	1.0
1069	2894	0.031403713
1070	3818	1.0
1070	2053	0.93588537
1070	3700	0.70548785
1070	2992	0.5150364
1070	2709	0.39223227
1071	4328	1.0
1071	6375	1.0
1071	3794	1.0
1071	2726	0.73188233
1072	4920	6.0
1074	2473	0.15667407
1074	2469	0.14142136
1075	2524	1.0
1075	2289	1.0
1075	4065	1.0
1075	9685	0.45628518
1075	2695	0.07856742
1076	3393	1.1544209
1076	5279	0.12171613
1077	5222	1.370639
1077	3066	1.0
1077	3076	1.0
1077	8679	1.0
1077	5181	0.5517651
1078	4404	1.0
1078	2597	0.50459963
1078	3391	0.1672484
1079	2023	6.0
1079	2809	6.0
1079	3172	6.0
1079	4830	0.2581989
1082	2906	2.195289
1082	2880	1.1185001
1082	2279	1.0986624
1082	7642	0.93028283
1082	2538	0.8584561
1083	13583	2.0
1083	4274	2.0
1083	2729	1.1681373
1083	3892	0.49833435
1083	3700	0.10218863
1084	2526	2.0
1084	5180	2.0
1084	4504	1.0582304
1084	3400	0.5991488
1084	2282	0.038235955
1085	3023	0.32013285
1085	2300	0.07647191
1085	2322	0.046676002
1086	2204	1.9383094
1086	3092	1.0
1086	2050	0.61744696
1086	2064	0.21315393
1087	4429	0.50446475
1088	3110	2.0
1088	2075	2.0
1088	2505	1.1044126
1088	2418	0.09534626
1090	2101	2.0
1090	6810	1.363751
1091	3949	0.7484491
1092	3865	1.209226
1092	4635	1.0
1092	3107	1.0
1093	2287	1.7445166
1093	3449	1.3276566
1093	5460	0.9467464
1094	4122	1.0
1094	2680	1.0
1094	2319	0.5729174
1094	4504	0.49571896
1094	2221	0.2640127
1096	2505	0.46972948
1096	3510	0.25063235
1096	3113	0.21255402
1096	2848	0.17771849
1096	2222	0.15430336
1097	2505	0.95760536
1097	2223	0.7408775
1097	2593	0.3287171
1097	2064	0.05802589
1098	2597	0.4857219
1098	2148	0.16903086
1101	2915	1.0
1102	5844	0.4585241
1102	5756	0.15569979
1103	2984	1.0593061
1103	2221	0.13547286
1104	2865	0.4430763
1104	5242	0.3548035
1104	2414	0.1632993
1105	2082	1.0
1105	2973	0.2968848
1106	3286	0.15811388
1106	3289	0.13867505
1107	2364	2.0
1107	4947	0.3615898
1108	2953	0.21576852
1108	2420	0.14285713
1109	3170	2.4010637
1109	10668	1.5718653
1110	3956	0.4888227
1111	5632	0.7926839
1111	2178	0.46775424
1111	2201	0.4394068
1111	6351	0.3333333
1111	2310	0.05025189
1112	2540	1.4641874
1112	2091	1.0
1112	2151	1.0
1112	7031	1.0
1112	3415	0.12309149
1113	3183	0.12126781
1114	2299	1.8539112
1114	2897	1.5796332
1114	6890	1.1891035
1114	2473	1.0795616
1114	2083	0.8514769
1115	2729	0.9220141
1115	6285	0.731704
1116	8904	2.9568024
1116	4844	2.579464
1116	8040	2.0125506
1117	2505	0.1118034
1117	2153	0.1
1118	2255	0.31399417
1118	4032	0.22912672
1118	2286	0.11268723
1118	2083	0.07868894
1119	3363	3.0
1119	2224	3.0
1119	5380	3.0
1119	4458	3.0
1122	2908	5.0
1123	2045	2.0
1123	2435	0.9465574
1123	2849	0.15624999
1124	4003	1.0
1124	2526	1.0
1124	2780	0.57796615
1124	2380	0.37260225
1124	2050	0.114707865
1126	2227	1.0
1126	2066	1.0
1126	2597	0.11047739
1126	2371	0.10540926
1126	2701	0.104828484
1127	3095	0.3146723
1127	6281	0.18412799
1128	2202	1.0488079
1129	2148	0.71265876
1129	2419	0.31622776
1130	2157	1.2624648
1130	8582	0.8273841
1130	2603	0.10995661
1131	2426	0.5426832
1132	5433	3.0
1132	2956	3.0
1132	3109	0.63185513
1132	3349	0.53569365
1133	2148	0.1632993
1134	2292	0.10910895
1134	2593	0.08183171
1135	5304	3.7399836
1135	2492	3.5634322
1135	6178	2.2774863
1135	6139	1.4645914
1135	5693	0.2519661
1136	2178	0.29777354
1137	2286	0.51914847
1137	2695	0.1398034
1137	2185	0.057353932
1139	3998	2.0
1139	2239	2.0
1139	3698	0.38921806
1139	3349	0.30519044
1139	5407	0.14427686
1140	2537	0.51063114
1140	3033	0.35540923
1141	2739	0.1957661
1142	2417	1.0
1142	3097	1.0
1142	2673	1.0
1142	2953	0.58843786
1142	5037	0.2094922
1144	2843	2.0362954
1144	6072	0.3790191
1145	2531	0.36652774
1145	4774	0.32699573
1145	2530	0.21081851
1145	2942	0.11396058
1145	8124	0.11396058
1146	8097	2.0
1146	2193	2.0
1146	2196	2.0
1146	3391	0.3917001
1146	2616	0.32555795
1148	2049	0.14271745
1148	2282	0.07751967
1149	3342	0.2611165
1150	8611	2.0
1150	2435	0.062017366
1152	3035	2.0
1152	2406	2.0
1152	3349	0.43137413
1153	5678	0.7225958
1153	3374	0.13483997
1153	2247	0.07669649
1154	8611	1.0
1155	2793	1.0
1155	3234	1.0
1155	2286	0.57824695
1155	3381	0.11785113
1156	5164	1.0
1156	2516	1.0
1156	2223	0.2634123
1156	2153	0.25354627
1157	4331	2.0
1158	13340	0.97035205
1158	10393	0.45181298
1158	3630	0.43091258
1158	3113	0.3958179
1159	4511	0.24999999
1160	3039	1.8229048
1160	2223	1.0853682
1160	2609	1.0
1160	2214	0.6899401
1160	3038	0.2643417
1161	4069	1.0
1161	2698	1.0
1161	3000	1.0
1161	2326	0.06761234
1162	2683	1.0
1162	7802	1.0
1162	5741	1.0
1162	4053	1.0
1162	2746	1.0
1163	2902	0.31888926
1163	2461	0.26503196
1163	2282	0.03928371
1164	4191	2.0
1164	12025	2.0
1164	10157	2.0
1164	2729	0.4829533
1165	2283	1.0
1165	2066	1.0
1165	2061	1.0
1165	2059	0.1632993
1166	2343	1.0
1166	2465	1.0
1166	3581	0.53659403
1166	2318	0.2651822
1166	2282	0.038235955
1167	2769	2.0
1167	4648	0.49009147
1168	3949	1.4821818
1168	2435	0.28562415
1168	5242	0.25220567
1173	7031	2.0
1173	2177	0.6015739
1173	3824	0.28828907
1174	2293	2.0
1174	5460	0.6575174
1174	6210	0.6513934
1174	2455	0.45657617
1174	3039	0.33333334
1175	3794	3.0
1175	2969	3.0
1175	3170	2.050547
1175	2397	1.9793447
1176	3033	0.1789929
1177	3746	0.0745356
1178	2947	2.0
1178	4724	2.0
1178	3122	2.0
1179	3450	0.80277526
1179	2478	0.4362718
1179	2695	0.27261317
1179	2304	0.13826852
1179	2897	0.07106691
1180	2294	2.0
1180	2900	0.048795
1181	2449	0.25717226
1182	2245	0.3971408
1182	2083	0.38744712
1182	2287	0.36485884
1182	2897	0.0860663
1183	2710	1.508674
1183	3757	1.0
1183	2198	1.0
1183	7324	0.42678484
1184	2193	2.0
1185	4067	2.0
1185	2640	2.0
1185	6701	0.16900656
1186	2300	0.1995634
1188	2285	0.43079787
1188	3450	0.03419928
1189	3109	0.8108565
1189	3403	0.75803775
1189	2701	0.59131026
1189	2506	0.5645751
1190	2338	0.3618157
1190	2251	0.2820943
1190	8166	0.1
1191	2286	1.2398641
1191	2311	1.1088883
1191	2479	0.98419255
1191	2083	0.5378016
1192	3176	3.0
1192	7844	3.0
1192	2402	3.0
1192	2203	0.1490712
1192	2485	0.14285713
1193	7301	1.28411
1193	3409	0.11396058
1195	2221	0.7077996
1195	2285	0.6493601
1195	2455	0.55784625
1196	2458	1.0
1196	5013	1.0
1196	2540	0.27078733
1196	2292	0.22578727
1196	2538	0.087407485
1197	3391	0.66164637
1197	2222	0.21821788
1197	7660	0.125
1198	4801	1.3088526
1198	6167	0.9465004
1198	2418	0.73301804
1198	2221	0.6839603
1198	8536	0.640836
1199	2760	4.0
1199	6677	4.0
1199	4136	0.24253562
1200	3369	1.1638036
1200	2203	1.1330262
1200	3230	1.0409375
1200	2534	0.86870205
1200	3857	0.6858182
1202	2862	3.0
1202	2220	0.74783504
1202	8586	0.41335753
1202	15330	0.09449112
1203	3018	2.6578
1204	3114	2.0
1204	3103	2.0
1204	5221	1.050356
1204	9200	0.55595165
1206	12133	2.0
1206	3403	0.24166477
1207	2284	0.53360736
1207	2319	0.48007402
1208	3493	1.0
1210	8036	1.0
1210	3699	0.08964214
1211	3095	0.0860663
1212	2283	3.0
1212	2223	1.753829
1212	2703	0.60512125
1212	2285	0.3934969
1212	3400	0.060633905
1213	2176	1.0
1213	3237	1.0
1213	3230	0.55731946
1213	2418	0.5423255
1213	2211	0.23139742
1214	6107	2.0
1216	4328	3.0
1216	2066	3.0
1216	2045	3.0
1216	2700	0.38517693
1216	2377	0.06428243
1217	2559	3.0
1217	3114	3.0
1217	3233	0.33932126
1218	2397	1.8609549
1218	6468	1.0
1218	3670	1.0
1220	2350	0.50430644
1220	3438	0.15980524
1220	2327	0.13449904
1220	3034	0.10206208
1221	4178	1.0
1221	3843	1.0
1221	2184	1.0
1221	8062	1.0
1221	2611	0.062017366
1222	3341	0.6417613
1222	2090	0.52334833
1222	4347	0.2589186
1222	2050	0.10526315
1224	3852	0.2885537
1224	2222	0.20965697
1225	4199	3.0
1225	2804	3.0
1225	3844	3.0
1225	2770	3.0
1225	2825	0.39205095
1226	2222	1.1289731
1226	2189	1.0
1226	2435	0.07254762
1228	2286	0.7074286
1228	2305	0.17817417
1230	2156	1.0
1230	3977	1.0
1230	3125	1.0
1230	2874	1.0
1231	7315	2.16563
1231	2623	2.0
1231	2214	0.9871627
1232	2848	0.5225364
1233	4827	6.0
1233	2480	6.0
1233	6350	1.5223494
1233	3698	0.153393
1234	4844	1.0800283
1234	2548	0.61330974
1234	3235	0.49715573
1235	2083	1.1402684
1235	2460	1.0
1235	2906	0.75480276
1236	3230	1.0991559
1236	2340	1.0
1236	2149	0.51780355
1239	2397	0.65248054
1239	3438	0.2539339
1240	2746	1.0
1240	4800	1.0
1240	3090	0.05025189
1241	5033	2.0
1241	2422	1.364622
1241	10620	0.8511742
1241	2482	0.49192506
1241	2059	0.39147323
1242	4161	1.0
1242	9042	1.0
1242	2075	1.0
1242	3757	1.0
1242	2224	1.0
1243	2950	2.0
1243	2493	2.0
1243	2946	2.0
1243	3959	2.0
1243	2700	0.209507
1244	3360	3.0
1244	5177	3.0
1244	11482	0.11605177
1245	3240	3.0
1245	2480	3.0
1245	2283	3.0
1245	2214	0.8799113
1245	2532	0.17282924
1246	8620	2.0
1246	6178	0.36505592
1246	3849	0.34750566
1247	2225	0.27944624
1248	2285	1.3692223
1248	2777	1.2748705
1248	2899	1.1125815
1248	2315	0.32039267
1248	2542	0.21027276
1249	5007	3.0
1249	2480	3.0
1249	2498	3.0
1249	3136	1.5361555
1249	2214	1.4175444
1250	8775	0.6595396
1250	2059	0.23264948
1252	2727	1.0
1252	5050	1.0
1252	3415	0.17782168
1254	7442	1.0
1254	2382	1.0
1254	4526	1.0
1254	2285	0.77400744
1254	2315	0.1490712
1255	3158	0.11546961
1256	2683	2.0
1256	5374	2.0
1256	4504	0.10540926
1256	3366	0.10540926
1257	2540	0.12171613
1257	2201	0.07161149
1257	2282	0.038235955
1258	2418	1.2062387
1258	3039	1.1766989
1258	7113	1.0
1258	2184	1.0
1258	2225	0.36950043
1259	5180	2.0
1259	3237	2.0
1259	2157	1.1408703
1259	2083	0.1641644
1260	3244	0.6546029
1261	2697	0.55262285
1261	2729	0.23513928
1262	3233	0.66778904
1262	3396	0.5319575
1262	3928	0.4004469
1263	3328	2.0
1263	3351	2.0
1265	2957	2.4079957
1265	5566	1.0
1266	2283	1.0
1266	3045	1.0
1266	2061	1.0
1266	2462	1.0
1266	2455	0.54751635
1267	2151	1.0
1267	3440	1.0
1267	14813	1.0
1267	2530	0.10540926
1267	3072	0.05270463
1268	3630	0.34771025
1268	2423	0.28867513
1268	2435	0.13655296
1269	3173	1.0346674
1269	7823	0.5088796
1269	2371	0.25448045
1270	6438	2.0
1270	2148	0.49657398
1271	2412	1.0
1271	2082	1.0
1271	5221	0.8503137
1271	2201	0.48375636
1271	2710	0.17407766
1272	2220	0.29038614
1273	8775	0.7147211
1273	2548	0.48185417
1274	2181	3.0
1275	2685	1.0
1275	2680	1.0
1275	6813	1.0
1275	3450	0.7318999
1275	2083	0.36425358
1276	3403	0.09534626
1277	3028	0.26020876
1277	2452	0.038778335
1277	2282	0.038235955
1278	2184	2.0
1278	2484	0.69997525
1278	5998	0.6042112
1278	4641	0.5078678
1278	4830	0.08164965
1279	2421	1.8420802
1279	2223	1.3411065
1279	2211	0.71999544
1280	2406	2.0
1280	7186	2.0
1280	2494	2.0
1280	2530	0.30540925
1281	8124	1.4129095
1281	2483	0.42669255
1281	3368	0.40209705
1281	13355	0.32579577
1281	2325	0.2267787
1282	10504	1.0
1282	2533	1.0
1282	7537	1.0
1282	2201	0.91637427
1282	7800	0.87581503
1283	2593	0.114428535
1283	2149	0.096225046
1284	2540	0.40598375
1284	2534	0.1118034
1284	2050	0.059234887
1285	2338	0.9561953
1285	2475	0.11785113
1286	3036	2.0
1286	3142	2.0
1286	2193	2.0
1286	3532	2.0
1287	5037	0.26128304
1287	3100	0.052414242
1288	3235	0.18210152
1289	3289	0.942049
1289	3700	0.048795003
1290	2190	2.0
1290	3397	2.0
1290	3536	2.0
1290	4841	0.43520546
1290	2806	0.3828176
1291	3237	2.0
1291	2319	0.7909956
1291	2083	0.6381866
1292	8171	1.7068377
1292	7188	1.0
1292	2973	0.37969387
1292	2703	0.34661153
1293	2782	0.083333336
1295	5915	1.0
1295	5229	1.0
1295	2061	1.0
1295	2202	0.55941963
1295	2251	0.281133
1296	2285	0.35366678
1296	2295	0.24053513
1296	11664	0.21085408
1296	2304	0.054554474
1296	2282	0.03928371
1297	4004	0.59018606
1298	6983	2.0
1298	2462	2.0
1298	2371	0.22326039
1298	3023	0.14388448
1299	2360	2.0
1299	2699	2.0
1299	2708	2.0
1299	2416	2.0
1299	2433	0.6652516
1300	2227	1.0
1300	3663	0.26967993
1300	2146	0.13483997
1302	2201	0.8243375
1302	2397	0.43650812
1302	3403	0.11396058
1303	7508	8.0
1303	7841	0.82557315
1303	2814	0.7278788
1303	4830	0.69726217
1304	3794	1.0
1304	2700	0.65846366
1304	2942	0.32789803
1304	2722	0.21759093
1304	3235	0.19275127
1305	4526	3.0
1305	6718	3.0
1305	2534	1.5237542
1305	8458	0.75672626
1305	2501	0.12909944
1306	2387	0.60302263
1306	4783	0.58536935
1306	3547	0.06917144
1308	2449	0.07412493
1310	3182	5.0
1310	2761	5.0
1310	4065	5.0
1310	10668	0.5623799
1311	2336	1.0649142
1311	2301	0.64521503
1311	2394	0.059761427
1312	2683	3.0
1312	7859	3.0
1312	3082	3.0
1312	2307	3.0
1312	2184	3.0
1314	2069	3.0
1314	3404	3.0
1314	5912	3.0
1314	3807	3.0
1314	4454	0.08206099
1315	3450	0.5707566
1315	8551	0.5518117
1315	2083	0.35793257
1317	2285	0.8796989
1317	2308	0.6738542
1317	2469	0.17386565
1318	2314	1.0
1318	2536	1.0
1318	3435	1.0
1318	2295	0.7825967
1318	2327	0.40441167
1319	2598	0.31654748
1319	2191	0.277168
1319	2701	0.23845911
1319	3141	0.065103464
1321	2083	0.2670369
1322	6621	0.42130134
1323	3777	1.0
1323	2155	0.12958713
1325	2286	1.9870936
1325	2899	1.6075337
1325	2450	0.7305034
1325	2292	0.31942618
1325	2894	0.13420032
1326	2487	1.0
1327	3035	1.0
1327	2494	1.0
1327	3403	0.46643656
1327	2973	0.2697226
1327	2681	0.22161883
1328	5620	1.0
1328	2412	1.0
1328	8062	1.0
1328	2191	0.5067477
1328	2703	0.48131934
1329	3845	0.10540926
1331	2458	1.0
1332	2064	0.08989332
1333	2279	0.7321806
1333	5279	0.5375086
1333	2300	0.06537204
1334	2681	0.82502484
1334	2538	0.23367807
1336	4010	2.0
1336	2675	2.0
1336	2680	2.0
1336	3449	0.31739166
1336	2284	0.25189495
1337	2822	1.0
1337	2796	1.0
1337	2406	1.0
1337	2745	1.0
1337	2483	0.20412415
1338	15999	2.0
1338	3381	0.53444564
1340	3035	2.0
1340	2066	2.0
1340	3105	2.0
1340	2224	2.0
1340	3664	0.12598816
1341	5023	2.0
1341	7515	2.0
1341	6134	2.0
1341	2831	0.1632993
1341	6100	0.14142135
1342	2612	1.0
1343	4118	5.0
1343	2224	5.0
1343	2423	1.1601907
1343	2426	0.9526327
1343	2371	0.42917344
1344	2182	5.0
1344	2938	5.0
1347	2683	3.0
1347	4682	3.0
1347	5256	0.5571872
1347	2519	0.12262786
1348	2460	1.0
1348	2300	0.4328202
1350	2223	0.60381883
1350	2221	0.13801311
1350	2203	0.10540926
1352	2992	0.53249055
1352	3704	0.49247742
1354	2862	2.0
1354	2612	2.0
1354	3004	0.61750335
1356	2066	1.0
1356	3459	1.0
1357	3543	2.0
1357	5927	2.0
1357	5645	2.0
1357	6014	2.0
1357	2796	2.0
1358	2078	0.42241666
1358	2153	0.1
1359	2082	1.0
1359	5719	1.0
1359	6957	0.14838836
1360	5180	1.0
1361	2950	1.0
1362	2184	4.0
1362	4383	4.0
1362	5089	4.0
1362	2593	0.13638619
1364	3081	1.0
1364	3405	1.0
1364	2050	0.07079923
1365	2228	3.0
1365	2201	0.16012815
1366	2083	0.3913682
1366	3028	0.2543068
1367	3504	1.0
1367	5263	1.0
1368	2187	3.0
1368	2052	1.5860971
1368	2891	0.6742394
1369	4919	0.22440164
1370	2061	1.0
1370	2283	1.0
1370	2149	0.10540926
1371	2323	1.6129764
1371	2288	0.6304033
1372	2976	5.0
1372	4613	0.3726626
1372	2216	0.30058926
1372	2603	0.20733164
1373	3036	1.0
1373	2770	1.0
1373	3461	1.0
1373	2698	1.0
1373	3900	1.0
1374	2167	1.0
1374	2527	1.0
1374	2412	1.0
1374	3805	1.0
1375	3449	0.7501959
1375	2315	0.48420694
1375	6704	0.20641169
1375	3438	0.11785113
1375	2282	0.09198834
1376	3391	0.3950189
1376	2221	0.27453718
1377	2748	3.0
1377	11252	0.522233
1377	2035	0.52223295
1377	4608	0.31452185
1378	2320	2.0
1378	2680	2.0
1378	2788	1.5485809
1378	2083	0.8102164
1378	2351	0.09365858
1379	5851	0.70507216
1380	3234	1.0
1380	3443	1.0
1380	2308	0.4891578
1380	3447	0.3563483
1380	3442	0.22797838
1381	9172	2.0
1381	2187	2.0
1381	2170	2.0
1381	3197	2.0
1381	3536	2.0
1383	2519	0.6469808
1384	2251	1.2789333
1385	2239	1.0
1385	2759	1.0
1385	5374	1.0
1385	11482	0.17186631
1386	2492	1.3377659
1386	2534	1.0323567
1386	3857	0.76955473
1386	2424	0.10540926
1387	3248	1.0
1387	5574	1.0
1387	2511	0.6144231
1387	2700	0.26470608
1387	3330	0.14142135
1388	2083	0.048911598
1389	2184	1.0
1389	2166	1.0
1389	2946	1.0
1389	2842	0.41267517
1389	2200	0.39746472
1390	4513	1.0
1390	3231	1.0
1390	2980	0.66296524
1390	2221	0.42202616
1392	2526	1.0
1392	2052	0.6151048
1392	6622	0.07537784
1393	5444	1.0
1393	5265	0.34043014
1394	2919	0.12403473
1395	2963	2.0
1395	2481	2.0
1395	2518	2.0
1395	5104	2.0
1395	3036	2.0
1396	2960	1.088899
1396	2444	1.0081651
1396	8012	1.0
1396	2708	1.0
1396	2850	1.0
1397	2061	1.0
1397	2423	0.71545005
1397	2148	0.56110734
1397	2894	0.049029034
1398	7841	1.2019109
1398	4586	0.85350746
1398	2371	0.59559196
1399	5363	2.0
1399	5180	2.0
1399	3511	2.0
1399	4507	0.66191053
1399	2165	0.29282343
1400	2031	2.0
1400	2869	2.0
1400	3291	2.0
1400	2153	0.72135663
1400	3877	0.502774
1401	2478	0.15356924
1403	4835	1.0
1403	2201	0.80052245
1404	2695	0.26932496
1404	2288	0.14829892
1404	2305	0.14285713
1405	2430	1.0
1405	5712	1.0
1405	2364	1.0
1405	2182	1.0
1405	4755	0.8094176
1406	2597	0.62900805
1406	10309	0.5669994
1406	3826	0.45721114
1407	2165	0.16771595
1407	2071	0.06488857
1407	2282	0.038235955
1408	2323	0.3394427
1409	2894	0.078446455
1410	9172	2.0
1410	2228	2.0
1410	2224	2.0
1410	2371	0.49542594
1411	9663	1.0
1411	3431	0.6915157
1411	10179	0.38459724
1411	4425	0.2527364
1412	2338	0.48611718
1412	2322	0.057166193
1413	2623	3.0
1413	2415	3.0
1413	2223	1.5915883
1413	2444	1.1117136
1413	2230	1.0406452
1414	4122	2.0
1414	3381	1.9630864
1414	2960	1.548385
1414	3961	1.545287
1414	2703	0.4405787
1415	2484	0.4731731
1416	3466	0.0919709
1416	2300	0.07647191
1416	3023	0.054073807
1417	3374	0.7051476
1417	2292	0.06454972
1418	4506	0.5024535
1418	2897	0.49968058
1418	2327	0.2525942
1419	2419	0.9916893
1420	2204	0.75011206
1420	2211	0.7311282
1420	2859	0.4518491
1420	2441	0.4462246
1421	2148	0.36903083
1421	4512	0.09166985
1422	2880	0.13900961
1423	2906	0.48870948
1423	2449	0.39331567
1424	2906	0.9592538
1424	2286	0.81896335
1425	5180	2.0
1425	3508	1.1567962
1425	2541	0.4665394
1425	2729	0.30551362
1425	3100	0.06131393
1426	2455	1.1481879
1426	2902	0.334446
1426	2304	0.035399616
1428	3230	1.6618071
1428	2492	1.518077
1428	6711	0.060633905
1429	2229	2.0
1429	3230	0.47486836
1429	5037	0.21918975
1430	2228	3.0
1430	6178	1.8070451
1430	2475	1.7471881
1430	2530	1.3211541
1430	6112	0.28898543
1431	5692	1.3740871
1431	2936	1.0
1431	2045	1.0
1432	5201	2.0
1432	3363	2.0
1433	3386	1.0
1433	5464	1.0
1433	2176	1.0
1433	4621	1.0
1433	2061	1.0
1434	5538	2.08816
1434	3450	1.9485987
1436	2286	0.77117527
1436	2311	0.57505894
1437	2530	0.2
1437	2282	0.086348474
1438	4329	1.0
1438	3959	1.0
1438	3240	1.0
1438	3239	1.0
1438	2505	0.5076227
1439	2279	0.8294384
1439	2476	0.49936134
1440	2211	0.37178504
1440	3109	0.2925125
1441	2153	0.6869061
1442	4448	1.0
1442	3405	1.0
1442	6096	1.0
1442	2729	0.89246464
1442	4336	0.2614882
1443	5271	2.0
1443	3630	0.66718364
1443	2153	0.45128274
1443	2050	0.17606238
1444	2804	1.0
1444	7995	1.0
1445	2326	1.1923822
1445	3442	0.21043286
1445	2327	0.11338305
1446	2014	2.0
1446	5401	2.0
1446	5395	0.54618037
1448	2797	0.8261786
1448	5960	0.14558148
1449	2049	0.642157
1449	2542	0.41129404
1449	2155	0.08505173
1450	4781	1.0
1450	2673	1.0
1450	2319	0.6924529
1451	3571	1.0
1451	2320	1.0
1451	3419	1.0
1451	2517	1.0
1451	2492	0.1632993
1452	2683	1.0
1452	5665	1.0
1452	2222	0.36503386
1452	2971	0.30730495
1452	2287	0.25277045
1454	10061	2.0
1454	13397	2.0
1454	3854	0.9453798
1455	5438	0.17407766
1456	2228	1.0
1456	3959	1.0
1456	2528	0.710328
1456	2729	0.37038097
1456	2556	0.36778757
1457	2281	1.0
1457	2259	1.0
1457	2334	0.55059266
1457	4205	0.37047127
1457	10758	0.27602622
1458	2151	1.0
1459	3103	1.0
1459	7788	0.1721326
1460	2146	0.13483997
1461	6124	1.0
1463	5702	1.0
1463	2854	1.0
1463	3879	1.0
1463	5421	0.40400985
1464	2184	10.0
1464	3107	10.0
1465	12439	3.0
1465	2849	0.13693064
1465	2225	0.057735026
1467	2157	0.23354968
1468	2950	1.0
1469	2311	0.75866294
1469	2327	0.1328136
1470	2954	0.21725447
1471	3501	0.05913124
1472	4528	2.0
1472	2302	2.0
1472	2321	2.0
1472	4525	2.0
1472	2525	0.07254762
1473	2083	0.34852433
1473	8244	0.15390496
1475	4755	1.0863321
1475	2608	0.31611428
1475	2157	0.23354968
1475	5438	0.09090909
1476	3447	0.5660053
1476	2322	0.2637524
1476	3033	0.10540926
1477	2417	1.0
1477	2953	0.9170894
1477	2427	0.7297045
1477	5567	0.6957187
1477	2434	0.3198011
1478	2626	1.0
1478	2097	1.0
1478	8034	1.0
1479	3349	0.4277628
1480	5201	2.0
1480	3349	0.768301
1480	2973	0.3981793
1480	2729	0.19148177
1481	2977	1.1228822
1482	2069	1.0
1483	2045	1.0
1483	4056	1.0
1483	5050	1.0
1483	2061	1.0
1483	2412	1.0
1484	2090	0.13093074
1484	3406	0.12856486
1484	3070	0.07838618
1485	6168	0.7113389
1485	3956	0.6423911
1485	3763	0.6119987
1486	2338	0.7425183
1486	2286	0.70667136
1486	2371	0.40492013
1486	2695	0.10967405
1487	3235	0.091451794
1488	3176	1.0
1488	2493	1.0
1488	2294	1.0
1488	2320	1.0
1488	2482	0.35856855
1489	3942	1.0
1489	5033	1.0
1489	2435	0.3620174
1489	7660	0.113934085
1490	2451	0.80768204
1490	2286	0.4239813
1490	2449	0.297697
1490	2483	0.16666667
1491	2683	4.0
1491	3005	4.0
1491	8385	4.0
1491	2071	0.30522883
1491	2593	0.2977847
1492	2609	1.0
1493	5368	1.0
1493	2180	1.0
1493	4814	0.68872213
1493	2148	0.5041035
1494	3663	0.10660036
1496	12743	1.0
1496	2781	1.0
1496	2748	1.0
1496	6207	0.16222142
1497	4381	2.0
1498	4328	4.0
1498	12706	4.0
1498	2729	0.65037227
1498	5406	0.31130028
1498	2873	0.2842561
1500	11664	1.4045217
1500	8244	1.2672827
1501	2695	0.32731065
1502	2687	0.5720776
1502	6093	0.12909944
1503	3441	0.21048595
1504	5282	1.0
1506	2928	0.7572306
1507	3865	5.2678275
1507	2482	4.994487
1508	2556	0.09449112
1508	7053	0.09119215
1509	5975	2.0
1509	2209	0.38921344
1509	2422	0.33412856
1509	2232	0.29519728
1509	3495	0.20528023
1510	2082	2.0
1510	2192	0.30274945
1512	5200	3.0
1512	2746	3.0
1512	2955	0.5241583
1513	6523	1.0
1513	5425	1.0
1513	2490	1.0
1513	2211	0.48429316
1514	4964	1.0
1514	2673	1.0
1514	2517	1.0
1514	2294	1.0
1514	7624	1.0
1515	5067	1.0
1515	11403	1.0
1515	2498	1.0
1516	2221	0.1973855
1517	3192	1.6679411
1517	3036	1.0
1517	3174	1.0
1517	4819	1.0
1517	6093	0.68466777
1518	8458	0.40201515
1518	2327	0.032897588
1520	2148	0.33816144
1520	3095	0.13608277
1520	2083	0.085240886
1521	2534	1.6089898
1521	2432	1.0
1521	2708	1.0
1521	6831	1.0
1521	2223	0.59270227
1523	2683	2.0
1523	6069	2.0
1523	3975	2.0
1523	4968	2.0
1523	2356	0.33435747
1524	2053	0.32507706
1525	3772	2.0
1526	3389	1.0
1526	5953	1.0
1526	3385	1.0
1526	3064	1.0
1527	3072	0.10400355
1529	3961	0.08006407
1530	5363	1.0
1530	10504	1.0
1530	2423	0.8528768
1530	5006	0.4006027
1531	5698	1.0
1531	4767	0.10910894
1533	2539	0.6212084
1534	2148	0.50225824
1534	13102	0.26776844
1535	2430	1.0
1535	2746	1.0
1535	10260	1.0
1535	5566	1.0
1535	5678	0.23904571
1536	6167	1.8230983
1536	2722	1.2406958
1536	4814	0.75222945
1537	2726	0.49773425
1538	3240	1.0
1538	2251	0.59700906
1538	2473	0.4409441
1538	3664	0.096225046
1539	7301	1.2729723
1540	2050	0.95997936
1541	2228	2.0
1541	6167	1.200022
1541	7719	0.5835911
1542	4517	0.34789085
1543	2729	0.4290776
1543	2157	0.35099703
1543	3235	0.10063474
1546	2847	1.6699891
1546	2220	1.4405638
1547	2289	1.0
1547	2708	1.0
1547	3415	0.587096
1547	2049	0.14474171
1548	2459	0.7677675
1548	2534	0.24683061
1548	2327	0.09758324
1549	2593	0.7861857
1549	9581	0.48770338
1553	7492	1.0
1553	2294	1.0
1553	2963	1.0
1553	2326	0.36883348
1555	4581	0.5085745
1555	2419	0.21775857
1556	2260	0.22819835
1557	2279	0.45638934
1557	3028	0.109399065
1558	6920	3.0758116
1558	2201	2.234682
1558	3081	1.0
1559	3204	3.0
1560	4591	1.7429882
1560	3369	0.9734509
1560	2220	0.5224922
1560	2435	0.37905696
1561	3032	6.0
1561	2006	6.0
1561	3095	0.37728506
1561	3186	0.1230915
1563	8971	0.09583148
1564	3107	2.0
1564	3351	2.0
1564	2799	1.3819537
1565	2455	0.37362516
1565	2315	0.14320177
1566	2083	0.2644906
1566	3072	0.20902036
1566	3447	0.078811035
1566	2155	0.06852397
1567	6742	2.0
1568	2201	0.13074408
1569	5180	3.0
1569	3391	0.7762679
1570	5180	1.0
1570	2518	1.0
1570	2640	1.0
1570	2083	0.23382838
1570	2221	0.08399211
1571	3035	5.0
1571	4598	5.0
1571	3542	5.0
1571	3176	5.0
1571	3171	1.3531722
1573	10081	2.0
1573	8761	2.0
1573	6082	2.0
1573	7424	0.558654
1573	4036	0.1820063
1574	4586	1.1885215
1574	2960	1.1826879
1574	4454	0.5802073
1575	2595	1.0
1575	2609	1.0
1575	2735	1.0
1575	2729	0.5077255
1576	5825	1.0
1576	2371	0.78098017
1578	2156	1.0
1578	5008	1.0
1578	3125	1.0
1578	7923	1.0
1578	12164	1.0
1579	2148	0.1632993
1580	2286	0.29139203
1580	3023	0.2236068
1580	2322	0.15229648
1581	2151	2.0
1581	6576	2.0
1581	4297	2.0
1581	3265	1.0009447
1582	5951	0.23183402
1583	2399	0.4553418
1585	3844	3.0
1585	2483	1.2941688
1585	4237	0.47710672
1586	3959	1.0
1586	3170	0.37502426
1586	2079	0.27897653
1588	2318	0.38729835
1588	2522	0.1826295
1588	2327	0.127662
1588	2282	0.07751967
1588	2155	0.034020692
1589	2598	0.6646448
1589	2200	0.5666208
1589	2148	0.33233017
1589	2325	0.06299408
1590	7424	0.42438164
1590	4227	0.40925953
1590	5010	0.30791953
1590	2469	0.29922298
1590	5181	0.27123114
1591	4079	1.0
1591	2455	0.7885235
1592	10388	3.0
1592	3443	3.0
1592	2283	3.0
1593	2522	0.0521286
1594	2599	0.46406347
1595	2325	0.39040133
1596	11352	1.0
1596	2228	1.0
1596	5633	0.68353903
1598	2203	1.4526944
1598	3641	0.26530597
1599	4328	1.0
1599	2498	1.0
1602	9035	2.0
1602	2214	0.56249213
1602	2059	0.33318117
1603	3197	1.0
1603	3134	1.0
1604	2537	0.47841305
1605	2214	0.46021822
1605	2729	0.3895088
1605	3235	0.22122836
1607	2360	1.0
1607	3864	1.0
1607	2699	1.0
1607	6265	1.0
1607	2222	0.6741744
1608	2318	0.40296072
1609	13213	0.556255
1609	2842	0.104828484
1610	10473	1.0
1610	4053	1.0
1610	8624	1.0
1610	4919	0.24559043
1611	6032	4.0
1611	3193	4.0
1611	2167	4.0
1611	2435	0.17382076
1612	3036	1.0
1612	2289	1.0
1612	2680	1.0
1612	2312	1.0
1612	2327	0.31060386
1614	2976	2.0
1614	3919	2.0
1614	2419	0.49465874
1614	2849	0.42496553
1615	2326	0.931504
1615	2279	0.80490834
1616	5433	1.0
1616	2593	0.16283473
1617	4899	1.4384624
1617	7000	0.4710216
1617	2232	0.03904344
1619	2286	1.5225972
1619	2259	1.0
1619	2283	1.0
1619	2452	0.300101
1620	7801	1.492637
1620	2475	1.2698078
1620	5654	1.265537
1621	2220	1.1304834
1621	3366	0.30850318
1621	2697	0.26870856
1621	2701	0.10910894
1622	2047	2.0
1622	3495	0.10127394
1623	2245	1.0186957
1623	2083	0.70579803
1623	2539	0.6443388
1623	2322	0.1113988
1626	5304	3.3393588
1626	8458	2.3171241
1626	2059	0.40033138
1626	5423	0.21561438
1627	5157	1.0
1627	2789	0.32199967
1628	2203	2.189262
1628	4065	1.0
1628	3766	1.0
1628	2488	1.0
1628	2702	0.75973487
1629	3405	1.0
1629	2216	0.51642805
1630	2612	1.0
1630	2448	1.0
1630	5374	1.0
1630	3738	1.0
1630	4011	0.13567322
1632	2286	1.5833567
1632	2083	0.6817736
1632	7863	0.6373536
1632	3450	0.580879
1632	2450	0.37442106
1633	7881	2.0
1633	6134	2.0
1633	2483	0.39694935
1633	3641	0.3796923
1634	2695	0.03928371
1635	2894	0.04003204
1636	7350	1.0
1636	2283	1.0
1636	3089	1.0
1636	2675	1.0
1636	2517	1.0
1637	3506	0.8107215
1637	2059	0.16903085
1637	2973	0.1632993
1637	2148	0.1632993
1638	2264	2.0
1638	2609	2.0
1638	2148	1.0250376
1638	5604	0.92540216
1638	3375	0.74535453
1639	4118	1.0
1639	2677	1.0
1639	3090	0.07537784
1640	3081	1.0
1640	3089	1.0
1640	2145	1.0
1640	4504	0.30953342
1641	2223	0.140028
1641	2149	0.1317018
1642	2241	1.0
1642	2449	0.119522855
1643	2296	1.0
1643	2460	1.0
1643	2321	1.0
1643	2338	0.29399216
1643	2695	0.14822069
1644	2526	2.0
1644	2294	2.0
1644	2963	2.0
1644	4010	2.0
1644	2061	2.0
1645	5418	1.0
1645	6134	1.0
1646	8392	2.0
1646	2296	2.0
1646	4410	2.0
1646	2176	2.0
1647	4879	0.5426605
1647	5221	0.27149934
1647	2148	0.16903086
1648	3636	3.0
1648	2460	3.0
1648	3177	1.1362805
1648	2469	0.258587
1648	2492	0.14142135
1649	2921	2.0
1649	2480	2.0
1649	3089	2.0
1649	5178	2.0
1649	2223	0.4239051
1650	3290	1.1986628
1650	2017	1.0
1650	2009	1.0
1650	6765	1.0
1650	3213	1.0
1651	2323	1.0431594
1651	2460	1.0
1651	2283	1.0
1652	2294	1.0
1652	4010	1.0
1652	2287	0.34419787
1652	2292	0.16077477
1652	2452	0.14556031
1653	6692	1.0
1653	2176	1.0
1653	3366	0.88173485
1653	3503	0.87532794
1653	5090	0.3665853
1654	3039	1.9392595
1654	2201	0.92864734
1655	2167	1.0
1655	2197	1.0
1655	2418	0.7202816
1656	2155	0.85214597
1656	6168	0.28592655
1657	2315	0.23154491
1658	5026	2.0
1658	2232	0.68670464
1658	3704	0.51015043
1660	4262	2.0
1660	2882	2.0
1660	2952	1.2427107
1660	6348	0.1754116
1660	2223	0.12309149
1661	2872	1.1527743
1662	2059	0.16421038
1662	2221	0.0727393
1662	4016	0.06666667
1663	2014	1.0
1663	2509	1.0
1664	4327	5.0
1664	4351	5.0
1664	6022	0.4744401
1664	2531	0.328381
1665	3080	2.0
1665	2423	0.6080548
1665	2952	0.38963816
1665	2880	0.2580191
1665	3230	0.1490712
1666	3403	0.5315803
1666	4589	0.23122674
1666	3090	0.0805823
1667	3234	2.0
1667	3233	0.44375548
1670	2317	1.1786315
1670	2906	0.69959235
1670	2279	0.24447605
1670	2161	0.20990284
1671	5367	0.66615736
1671	2469	0.20466691
1673	2211	1.1539719
1675	2204	2.1212602
1675	2534	0.5172126
1675	5085	0.43183172
1677	5304	2.2349494
1677	8691	1.3165191
1677	2224	1.0
1677	12276	1.0
1677	2211	0.69362676
1678	2494	2.0
1678	5433	2.0
1678	3333	2.0
1678	2726	0.9196373
1680	2832	2.0866814
1681	5729	3.0
1681	4456	3.0
1683	2338	0.93209577
1683	2285	0.6410605
1683	2319	0.48260915
1683	3028	0.14073941
1684	2574	0.97606164
1685	3959	1.0
1685	2006	1.0
1686	2490	1.0
1686	2186	1.0
1686	2484	0.44444448
1686	2851	0.39301312
1688	3349	0.10660036
1689	3817	0.5048085
1689	2572	0.48411125
1689	2529	0.15171652
1689	2220	0.13608277
1690	9968	1.0400321
1690	2233	0.78233516
1690	2327	0.24002531
1690	2282	0.08181134
1691	6207	0.12910348
1692	2485	0.2519763
1692	2372	0.061545745
1693	2261	0.70846736
1694	3845	0.3699159
1695	3182	2.0
1695	4751	2.0
1695	4414	2.0
1695	2371	0.7057546
1695	2050	0.24394073
1696	2184	2.0
1696	2506	0.23723818
1696	2441	0.21029773
1696	2232	0.13787784
1697	2460	1.0
1697	2203	0.31622776
1698	2505	0.69739044
1698	2247	0.52027744
1698	4016	0.25997588
1698	2304	0.25771466
1700	4596	1.0
1700	5243	0.5915512
1700	3495	0.22804102
1700	2865	0.1497676
1704	6444	1.1832548
1704	2206	1.0
1704	5433	1.0
1704	2221	0.8930254
1707	3680	1.0
1707	4594	1.0
1707	2441	0.59570307
1707	4763	0.5306983
1707	10620	0.43221763
1709	2286	1.3073757
1709	2455	1.1341962
1709	2325	0.973469
1709	2899	0.8454499
1710	2279	1.1388813
1710	2311	1.102548
1710	2083	0.47466165
1710	2300	0.11111111
1710	2532	0.10540926
1711	2968	2.0
1711	2814	0.41768265
1711	6035	0.38282576
1711	3186	0.37413755
1711	2955	0.21081851
1712	2485	0.41033697
1713	2259	2.0
1713	4377	2.0
1713	2793	2.0
1713	2286	0.5342251
1714	2083	0.4326688
1714	2200	0.16903085
1715	2079	1.1187502
1715	2052	0.16203338
1717	4079	1.0
1717	2892	1.0
1717	5181	0.17897856
1718	5429	0.1490712
1720	2416	1.0
1720	3237	1.0
1720	2224	1.0
1720	2277	1.0
1720	4507	0.09245004
1722	2295	0.24053513
1722	2323	0.22677866
1723	2524	1.0
1723	5185	1.0
1723	4337	1.0
1723	2449	0.4158126
1723	2310	0.3790536
1724	2417	2.0
1724	10475	0.8937274
1724	3956	0.5479884
1724	2419	0.45012048
1725	2609	2.0
1725	3660	2.0
1725	5185	2.0
1725	4119	2.0
1725	10504	2.0
1727	2722	1.5216439
1727	2221	0.5770736
1727	2191	0.25437337
1728	2529	0.2640622
1728	2049	0.2553758
1728	8548	0.19573604
1728	2083	0.057353932
1729	2251	0.73955965
1730	2709	0.38108933
1731	4507	1.8270785
1732	2950	2.0
1732	2222	0.8713408
1732	2505	0.8150647
1732	2050	0.32041264
1733	4920	1.0
1733	2675	1.0
1733	2687	0.66742384
1733	2674	0.30418384
1734	2612	1.0
1734	2167	1.0
1734	4918	0.6753168
1735	8484	11.0
1735	2006	11.0
1735	2511	0.52609944
1735	6522	0.17289881
1735	2608	0.104828484
1736	2023	2.0
1737	2770	4.0
1737	3854	0.19585004
1737	3179	0.119522855
1738	3076	2.0
1738	2877	2.0
1738	2232	1.1392919
1738	3968	0.895849
1739	5993	0.09534626
1740	3334	3.0
1740	3881	3.0
1740	5444	3.0
1740	6171	0.29716048
1740	2083	0.24411955
1742	4005	1.0
1742	10927	1.0
1742	3233	0.6627758
1742	2597	0.32849044
1742	3033	0.16454971
1743	2712	1.0
1743	2850	1.0
1743	2870	1.0
1743	2050	0.36602402
1743	12109	0.19611615
1745	2183	3.0
1745	3191	3.0
1745	9481	0.7274088
1746	2201	0.25969845
1747	8392	1.0
1747	5783	1.0
1747	10954	1.0
1747	2556	0.5000764
1749	3482	2.0
1750	13681	4.0
1750	3036	4.0
1750	2464	4.0
1750	4106	1.2178656
1750	3663	0.3255325
1751	2070	2.0
1751	2595	2.0
1751	3795	2.0
1751	2052	0.77977824
1752	2608	0.57130617
1754	4522	4.0
1754	2222	0.2738262
1755	2963	1.0
1755	6176	0.27103704
1756	2201	1.4134601
1756	2221	0.06579517
1757	3109	0.5569649
1758	6115	1.6555915
1759	7319	2.0
1759	3757	2.0
1759	8582	0.32561556
1759	2418	0.26775217
1759	2709	0.17607424
1760	3393	0.55003655
1760	2295	0.52376276
1760	4211	0.50762844
1760	2284	0.2773354
1760	2479	0.22272278
1761	2428	1.0
1761	2600	1.0
1762	2181	1.0
1762	4089	1.0
1762	2151	1.0
1762	2963	1.0
1763	5533	1.9464557
1763	8122	1.5422418
1763	5534	1.5199631
1763	4820	1.1875414
1763	5566	1.0
1764	3088	0.31308517
1765	2296	2.0
1765	2319	0.13523316
1765	3038	0.12598816
1765	2894	0.04003204
1765	3028	0.03380617
1766	2541	0.9292899
1766	2185	0.28293937
1767	7907	2.0
1768	2784	1.0
1768	2460	1.0
1768	2950	1.0
1768	2284	0.5049461
1768	4431	0.2061107
1769	4124	1.2052641
1770	2295	1.5320193
1770	2308	1.2176576
1770	4003	1.0
1770	2256	1.0
1770	2314	1.0
1771	8259	0.6761314
1771	3039	0.6637245
1771	3368	0.42339367
1771	2310	0.05455447
1772	3363	2.0
1772	3351	2.0
1772	4575	2.0
1772	2220	0.96803707
1772	6258	0.19621935
1773	2261	1.6764512
1775	4648	0.52963305
1775	2955	0.22515357
1776	2289	2.0
1776	2151	2.0
1776	2295	1.2533591
1776	3496	0.6761598
1776	2327	0.51060104
1777	3121	6.0
1777	2227	6.0
1777	2369	6.0
1777	2390	6.0
1777	2050	0.09365858
1778	5477	2.0
1778	4596	2.0
1779	4297	1.0
1780	2746	1.0
1780	3089	1.0
1781	2726	0.45783684
1781	2832	0.3104522
1782	2469	0.3129018
1782	2304	0.0699029
1783	13340	0.3316454
1783	2310	0.27324402
1784	3369	0.10206207
1787	2807	3.0
1787	6087	3.0
1787	2492	0.2249321
1788	2933	1.2254243
1788	9857	1.0
1788	3349	0.8114724
1788	2221	0.26639205
1790	2793	2.0
1790	2680	2.0
1792	3928	1.5754025
1792	2611	1.2510601
1793	4797	1.0
1793	3631	1.0
1793	2845	1.0
1793	4522	1.0
1793	3700	0.24766618
1794	2609	1.0
1794	2190	1.0
1794	5705	0.6591064
1794	2616	0.5645198
1794	2952	0.2632037
1797	13018	1.0
1797	2412	1.0
1797	2065	1.0
1797	4793	1.0
1797	2495	1.0
1799	2221	0.8052745
1799	2214	0.3086067
1799	3630	0.2515113
1800	4820	1.0769227
1800	2423	0.6686218
1800	2223	0.6253688
1801	3035	2.0
1801	2151	2.0
1801	2433	0.25686073
1801	3999	0.09449112
1802	8479	0.8538387
1802	2288	0.12800288
1802	2282	0.08382725
1803	2527	2.0
1803	3110	2.0
1803	2770	2.0
1803	2940	2.0
1803	2160	0.33559772
1804	3066	1.0
1804	7353	1.0
1806	3402	1.0
1807	4651	1.0
1808	4458	2.0
1808	3114	2.0
1808	9179	0.3664652
1808	6711	0.20683508
1809	2698	1.0
1809	3504	1.0
1809	4108	1.0
1809	3493	1.0
1809	2006	1.0
1810	4594	2.0
1810	4581	0.6542979
1810	3391	0.27384877
1810	2593	0.054554474
1811	2222	1.3894825
1811	2082	1.0
1811	4632	1.0
1811	3397	1.0
1811	2193	1.0
1814	4918	2.2844265
1814	2989	2.0
1814	5227	1.3349819
1815	3403	0.32796115
1815	2934	0.20486967
1816	8785	1.0
1818	2298	0.40959346
1820	3963	1.0
1820	4068	1.0
1820	3805	1.0
1820	3381	0.8107459
1820	2960	0.48562697
1821	5367	0.8727941
1821	2319	0.864679
1821	2327	0.34388283
1821	2304	0.2908303
1821	2322	0.1038422
1823	2327	0.036037497
1824	2430	1.0
1824	3081	1.0
1824	2505	0.33775476
1825	2045	1.0
1825	2855	1.0
1825	5603	1.0
1825	3122	1.0
1825	2061	1.0
1826	2460	1.0
1826	3029	1.0
1826	2294	1.0
1826	5851	0.82071066
1826	2455	0.39424115
1827	3950	2.0
1827	2747	2.0
1827	3968	0.45220834
1828	3389	3.0
1828	2878	3.0
1828	2416	3.0
1828	4581	0.49744245
1828	2414	0.37593004
1829	2059	0.1632993
1831	2626	1.0
1831	4068	1.0
1831	4383	1.0
1831	2075	1.0
1831	2200	0.32532454
1832	2520	0.4476274
1832	2532	0.4020567
1832	3370	0.13608277
1832	2327	0.08628939
1833	2418	1.4245422
1833	2190	1.0
1833	2219	1.0
1836	2235	0.8945727
1836	6704	0.33275875
1837	2673	1.0
1837	2455	0.2735849
1837	3023	0.25551483
1837	2222	0.23904571
1837	3961	0.0877058
1838	10278	0.78425086
1838	2165	0.7326934
1838	2960	0.6511682
1838	2310	0.51712275
1839	2285	0.55813634
1839	5090	0.42555115
1839	4957	0.19258209
1840	4820	1.1623282
1840	3176	1.0
1840	3237	1.0
1840	2681	0.7625448
1841	2851	1.6814089
1841	8124	1.5096023
1841	5682	1.0
1841	2170	1.0
1841	3630	0.21302699
1842	6022	1.0290192
1842	2685	1.0
1842	3176	1.0
1842	2465	1.0
1842	2761	1.0
1844	2228	1.0
1844	4562	1.0
1845	3702	1.0
1845	6963	0.19044185
1846	3525	3.0
1846	2735	3.0
1846	2739	0.9022933
1846	4696	0.543636
1846	3704	0.19771525
1848	3495	0.22530867
1850	2946	2.0
1850	8155	2.0
1850	6052	2.0
1850	2815	0.29541123
1850	2497	0.27349764
1851	2286	0.50648975
1851	2083	0.35793257
1851	3028	0.20429216
1851	2674	0.1632993
1852	2016	3.0
1852	2029	3.0
1852	5395	0.306786
1852	3801	0.2828427
1853	6051	1.0
1854	2530	0.8213015
1854	4718	0.39715493
1854	5949	0.058321185
1856	2334	0.8064028
1856	2282	0.07550375
1856	2052	0.04225771
1857	4943	2.0
1858	2897	0.16222142
1859	5061	2.0
1859	2673	2.0
1859	5567	0.43530196
1859	2349	0.43528515
1859	2222	0.37232193
1860	4185	1.0
1860	2480	1.0
1860	4819	1.0
1860	2482	0.8779058
1860	3501	0.30981064
1861	2371	0.19245009
1861	2185	0.057353932
1864	9819	1.0
1864	2512	1.0
1866	2536	1.0
1866	9176	1.0
1866	2371	0.10540926
1867	3421	1.0
1868	4079	1.0
1868	4526	1.0
1868	2319	0.6273875
1869	3504	2.0
1869	2283	2.0
1869	3113	1.0074238
1869	2083	0.5260112
1870	3234	1.0
1870	2296	1.0
1870	5105	1.0
1870	2695	0.035533454
1871	3403	0.25712973
1871	2942	0.19518001
1871	2157	0.18181819
1871	2726	0.16933173
1871	3095	0.1571332
1872	4383	1.0
1872	7324	0.14213382
1872	2064	0.061545745
1873	3096	2.0
1873	3029	2.0
1873	5534	0.3522449
1874	3704	0.20025048
1875	2349	0.57590675
1875	2223	0.4292777
1875	2424	0.34649038
1875	3600	0.31976813
1876	2148	0.4614296
1876	3055	0.4081139
1876	3793	0.26648164
1877	3508	1.7659276
1877	2422	1.6394669
1877	2204	1.4189492
1877	3503	1.2885921
1877	2224	1.0
1879	7859	3.0
1879	4801	1.2263658
1879	3391	0.6552322
1880	3461	1.0
1880	2295	0.62058574
1880	2286	0.5362681
1880	2338	0.26464194
1880	2372	0.10965827
1881	3571	1.0
1881	2273	1.0
1881	4879	0.62139964
1881	2511	0.5222419
1882	5418	3.0
1884	5222	1.6317048
1885	2548	0.9595173
1885	4766	0.6831254
1886	2452	0.040555354
1888	2430	4.0
1888	2527	4.0
1888	5464	4.0
1888	3088	0.1519109
1888	2435	0.062017366
1889	2222	0.810888
1889	2703	0.66476035
1889	5438	0.5750225
1890	4648	0.4083587
1891	4729	1.0
1891	2005	0.31566668
