0	2049	0.5
0	2078	0.5
0	2089	0.5
0	2067	0.5
1	2101	0.5
2	2148	0.5
2	2156	0.5
2	2175	0.5
3	2208	0.5
3	2211	0.5
3	2223	0.5
3	2229	0.5
4	2071	0.5
4	2270	0.5
4	2277	0.5
5	2285	0.5
5	2317	0.5
6	2282	0.5
6	2305	0.5
6	2358	0.5
7	2384	0.5
7	2402	0.5
8	2153	0.5
8	2421	0.5
8	2422	0.5
8	2423	0.5
8	2424	0.5
9	2323	0.5
9	2343	0.5
9	2451	0.5
9	2462	0.5
9	2465	0.5
10	2066	0.5
10	2338	0.5
10	2371	0.5
10	2480	0.5
10	2498	0.5
11	2529	0.5000009
11	2061	0.5
11	2167	0.5
11	2319	0.5
11	2492	0.5
13	2212	0.5
13	2593	0.5
14	2632	0.5
14	2654	0.5
15	2522	0.50000066
15	2061	0.5
15	2083	0.5
15	2492	0.5
15	2677	0.5
16	2505	0.5
16	2708	0.5
16	2719	0.5
16	2729	0.5
17	2742	0.5
17	2763	0.5
18	2061	0.5
18	2654	0.5
18	2675	0.5
18	2695	0.5
18	2783	0.5
19	2801	0.5
19	2802	0.5
19	2803	0.5
19	2821	0.5
19	2830	0.5
20	2414	0.5
20	2505	0.5
20	2593	0.5
20	2870	0.5
20	2852	0.4999999
21	2061	0.5
21	2223	0.5
21	2282	0.5
21	2431	0.5
22	2049	0.5
22	2283	0.5
23	2933	0.5
23	2935	0.5
23	2936	0.5
23	2942	0.5
23	2944	0.5
24	2045	0.5
24	2061	0.5
24	2968	0.5
24	2976	0.5
24	2978	0.5
25	3002	0.5
25	3019	0.5
25	3020	0.5
26	2294	0.5
27	2283	0.5
27	2315	0.5
27	2449	0.5
27	2459	0.5
27	2957	0.5
28	2027	0.5
28	2963	0.5
29	2149	0.5
29	2197	0.5
29	2412	0.5
29	2441	0.5
29	2527	0.5
30	2412	0.5
30	3100	0.5
30	3104	0.5
30	3107	0.5
30	3121	0.5
31	2053	0.5
31	2214	0.5
32	2438	0.5
33	2464	0.5
33	3176	0.5
33	3177	0.5
33	3178	0.5
34	2151	0.5
34	2559	0.5
34	3197	0.5
34	3213	0.5
35	2082	0.5
35	2184	0.5
35	2197	0.5
35	2360	0.5
35	2673	0.5
36	2945	0.5
37	3290	0.5
37	3297	0.5
37	3285	0.49999985
38	2919	0.5
38	3328	0.5
38	3363	0.5
39	3371	0.5
40	2221	0.5
40	2224	0.5
40	2325	0.5
40	3390	0.5
41	2209	0.5
41	2220	0.5
41	2412	0.5
41	2700	0.5
41	3207	0.5
42	2294	0.5
42	2343	0.5
42	2640	0.5
42	2783	0.5
42	2786	0.5
43	2640	0.5
43	2793	0.5
44	2176	0.5
44	2293	0.5
44	3028	0.5
45	2259	0.5
45	2289	0.5
45	2695	0.5
45	2942	0.5
45	3460	0.5
46	2035	0.5
46	2293	0.5
46	2304	0.5
46	3472	0.5
46	3494	0.5
47	2244	0.5
47	2505	0.5
47	2748	0.5
47	2973	0.5
47	3081	0.5
48	2167	0.5
48	2950	0.5
48	3514	0.5
49	2323	0.5
49	2796	0.5
49	3272	0.5
49	3528	0.5
50	2083	0.5
50	2286	0.5
50	2304	0.5
50	2460	0.5
51	2049	0.5
51	2285	0.5
51	2286	0.5
51	2327	0.5
51	2354	0.5
52	3622	0.5
52	3623	0.5
52	3631	0.5
53	2482	0.5
53	2848	0.5
53	3536	0.5
54	2880	0.5
54	3669	0.5
54	3670	0.5
55	2286	0.5
55	2296	0.5
55	2517	0.5
55	2788	0.5
55	3449	0.5
56	2050	0.5
56	2066	0.5
56	2701	0.5
56	3525	0.5
56	3704	0.5
57	2097	0.5
57	2410	0.5
57	3722	0.5
58	2059	0.5
58	3758	0.5
59	2167	0.5
59	3088	0.5
59	3778	0.5
59	3792	0.5
60	2548	0.5
60	3110	0.5
60	3794	0.5
60	3797	0.5
60	3798	0.5
61	2057	0.5
61	2265	0.5
61	3604	0.5
61	3824	0.5
61	3830	0.5
62	2458	0.5
62	2469	0.5
62	2482	0.5
62	2492	0.5
62	3852	0.5
63	2062	0.5
63	2066	0.5
63	2094	0.5
63	2985	0.5
63	2997	0.5
64	2282	0.5
64	2295	0.5
64	2296	0.5
64	2311	0.5
64	2316	0.5
65	2603	0.5
66	2506	0.5
66	2845	0.5
66	3397	0.5
67	2969	0.5
67	3526	0.5
67	3985	0.5
67	3994	0.5
68	2285	0.5
68	2314	0.5
68	2327	0.5
68	2904	0.5
68	4006	0.5
69	2076	0.5
69	2151	0.5
69	2223	0.5
69	3080	0.5
69	4011	0.5
70	2151	0.5
70	4039	0.5
72	4096	0.5
73	2149	0.5
73	2224	0.5
73	2424	0.5
73	3233	0.5
73	3973	0.5
74	2148	0.5
74	2597	0.5
74	4157	0.5
75	2298	0.5
75	2462	0.5
75	2894	0.5
75	3034	0.5
76	4191	0.5
78	3728	0.5
79	3100	0.5
80	2192	0.5
80	2908	0.5
80	4337	0.5
81	2175	0.5
81	2506	0.5
81	2852	0.5
82	2223	0.5
82	2816	0.5
82	4369	0.5
83	2519	0.5
83	2635	0.5
84	2198	0.5
84	2217	0.5
84	2624	0.5
84	2850	0.5
85	4415	0.50000054
85	2492	0.5
85	2681	0.5
85	3663	0.5
85	3664	0.5
86	2224	0.5
86	4422	0.5
86	4424	0.5
87	3110	0.5
87	3212	0.5
87	4463	0.5
88	2284	0.5
88	2290	0.5
88	4485	0.5
89	2148	0.5
89	2412	0.5
89	3080	0.5
89	3949	0.5
89	4511	0.5
90	2282	0.5
90	2323	0.5
90	2492	0.5
90	4523	0.5
91	2283	0.5
91	2289	0.5
91	4536	0.5
92	2204	0.5
92	2626	0.5
92	3154	0.5
92	4552	0.5
92	4553	0.5
93	2061	0.5
93	2149	0.5
93	2286	0.5
94	2418	0.5
94	3388	0.5
95	2148	0.5
95	2151	0.5
95	2223	0.5
95	2612	0.5
95	2854	0.5
96	2221	0.5
96	2371	0.5
96	2534	0.5
96	2701	0.5
96	3113	0.5
97	4617	0.5000016
97	2191	0.5
97	2428	0.5
97	2727	0.5
98	2532	0.5
98	2960	0.5
98	3704	0.5
99	2223	0.5
99	2283	0.5
99	2492	0.5
99	4632	0.5
99	4634	0.5
100	4647	0.5
100	4649	0.5
100	4671	0.5
101	2960	0.5
101	4696	0.5
102	2195	0.5
102	2374	0.5
102	3339	0.5
102	4364	0.5
102	4715	0.5
103	3265	0.5
104	3240	0.5
104	3351	0.5
104	3801	0.5
104	4765	0.5
105	2294	0.5
105	2382	0.5
105	2403	0.5
106	2760	0.5
106	2960	0.5
108	2371	0.5
108	2492	0.5
108	2806	0.5
108	2911	0.5
108	4816	0.5
109	2593	0.5
109	2727	0.5
109	3403	0.5
109	3794	0.5
109	4331	0.5
110	2677	0.5
110	3235	0.5
110	4881	0.5
111	2243	0.5
112	2262	0.5
112	2461	0.5
112	2999	0.5
112	4916	0.5
112	4918	0.5
113	4047	0.5
114	2497	0.5
114	2812	0.5
114	2815	0.5
114	2911	0.5
115	2151	0.5
115	2283	0.5
115	2294	0.5
115	3450	0.5
116	2286	0.5
116	2300	0.5
116	2371	0.5
116	2695	0.5
116	4161	0.5
118	3387	0.5
118	4562	0.5
118	5006	0.5
119	2006	0.5
119	2064	0.5
119	2498	0.5
119	3397	0.5
119	3704	0.5
120	2083	0.5
120	3095	0.5
120	3240	0.5
120	3403	0.5
120	3407	0.5
121	2315	0.5
121	2492	0.5
121	2531	0.5
122	2480	0.5
122	2527	0.5
122	4328	0.5
123	2153	0.5
123	2221	0.5
123	3461	0.5
123	5099	0.5
124	2346	0.5
124	2356	0.5
125	2235	0.5
125	2245	0.5
125	2282	0.5
125	2286	0.5
125	2305	0.5
126	2148	0.5
126	2435	0.5
127	2294	0.5
127	2327	0.5
127	2458	0.5
127	2519	0.5
127	2537	0.5
128	2640	0.5
128	3420	0.5
129	2522	0.50000066
129	2293	0.5
129	3441	0.5
129	3587	0.5
129	4966	0.5
130	2160	0.5
130	2460	0.5
130	2781	0.5
130	5163	0.5
131	2283	0.5
131	2289	0.5
131	2449	0.5
132	2052	0.5
132	2240	0.5
132	2695	0.5
132	2904	0.5
132	3234	0.5
133	2372	0.5
133	2921	0.5
133	2969	0.5
133	3370	0.5
134	2120	0.5
134	3624	0.5
134	2616	0.49999866
135	2728	0.5
135	3404	0.5
135	5181	0.5
135	5230	0.5
136	2006	0.5
136	2045	0.5
136	2053	0.5
136	2066	0.5
136	4274	0.5
137	2950	0.5
137	2966	0.5
137	2977	0.5
137	5265	0.5
138	2061	0.5
138	2288	0.5
138	2904	0.5
138	3816	0.5
139	2185	0.5
139	2294	0.5
139	2327	0.5
139	2542	0.5
141	2285	0.5
141	2312	0.5
141	2343	0.5
141	2536	0.5
141	5293	0.5
142	2430	0.5
142	2776	0.5
142	3971	0.5
142	5327	0.5
143	2294	0.5
143	2674	0.5
143	2973	0.5
144	2319	0.5
144	2343	0.5
144	2957	0.5
144	2977	0.5
144	4161	0.5
145	2149	0.5
145	2198	0.5
145	2322	0.5
146	2228	0.5
146	2294	0.5
146	2452	0.5
146	2455	0.5
146	2534	0.5
147	2153	0.5000003
147	2148	0.5
147	2209	0.5
147	2417	0.5
147	2512	0.5
148	5390	0.5000009
148	2512	0.5
148	2531	0.5
148	2821	0.5
149	2857	0.5
149	2866	0.5
149	5399	0.5
149	5406	0.5
149	5418	0.5
150	3503	0.5
150	3678	0.5
150	3943	0.5
150	5431	0.5
150	5432	0.5
151	2943	0.5
151	4327	0.5
152	2284	0.5
152	2353	0.5
152	2368	0.5
152	2522	0.5
152	2906	0.5
154	2481	0.5
154	2497	0.5
154	3095	0.5
154	5203	0.5
155	2319	0.5
155	2451	0.5
155	3100	0.5
155	5180	0.5
155	5525	0.5
156	2350	0.5
156	2354	0.5
156	3438	0.5
156	3450	0.5
157	2192	0.5
157	2211	0.5
157	3122	0.5
158	2082	0.5
158	2199	0.5
158	2340	0.5
159	2148	0.5
159	2748	0.5
159	3975	0.5
159	5616	0.5
159	5617	0.5
160	2955	0.5000004
160	2832	0.5
161	2214	0.5
161	2413	0.5
161	2434	0.5
161	2541	0.5
161	3600	0.5
162	2006	0.5
162	2201	0.5
162	2418	0.5
162	2426	0.5
162	2435	0.5
163	2157	0.5
163	2406	0.5
163	2720	0.5
163	3805	0.5
164	2323	0.5
164	2677	0.5
164	2973	0.5
164	3366	0.5
164	5429	0.5
165	4440	0.5
165	5538	0.5
166	2148	0.5
166	2167	0.5
166	2956	0.5
166	3794	0.5
166	5678	0.5
167	2157	0.5
167	2718	0.5
167	2727	0.5
167	5698	0.5
168	2182	0.5
168	3125	0.5
168	3519	0.5
168	4822	0.5
168	5407	0.5
169	3222	0.5
169	5719	0.5
170	2746	0.5
170	3251	0.5
171	2167	0.5
171	3788	0.5
171	4727	0.5
171	2859	0.49999988
172	3373	0.5
172	5792	0.5
172	5794	0.5
172	2327	0.49999997
173	2214	0.5
173	2423	0.5
173	2953	0.5
173	3063	0.5
173	3076	0.5
174	2058	0.5
174	2157	0.5
174	2160	0.5
174	2516	0.5
174	2064	0.4999983
175	2187	0.5
175	3397	0.5
176	2083	0.5
176	2371	0.5
176	2519	0.5
176	2681	0.5
176	3663	0.5
177	2950	0.5
179	2430	0.5
179	4191	0.5
181	2184	0.5
181	3081	0.5
181	3704	0.5
183	2078	0.5
183	2992	0.5
183	5138	0.5
183	5948	0.5
183	5951	0.5
184	2225	0.5
184	2849	0.5
184	3121	0.5
184	3975	0.5
185	2418	0.5
185	2729	0.5
185	3403	0.5
185	4586	0.5
186	4617	0.50000006
186	2148	0.5
186	2184	0.5
186	2200	0.5
186	2848	0.5
187	2486	0.5
187	2504	0.5
187	2804	0.5
187	3207	0.5
187	6014	0.5
188	4767	0.5000006
188	2383	0.5
188	2711	0.5
188	3349	0.5
188	3998	0.5
190	2497	0.5
190	2726	0.5
190	2919	0.5
190	3095	0.5
190	4726	0.5
191	2482	0.5
191	2806	0.5
191	2955	0.5
191	4328	0.5
192	5639	0.5
192	5661	0.5
193	2749	0.5
193	2750	0.5
193	6026	0.5
193	6148	0.5
194	5026	0.5
194	5334	0.5
194	6158	0.5
194	6161	0.5
195	2288	0.5
195	2691	0.5
195	3454	0.5
195	6168	0.5
196	2005	0.5
196	5439	0.5
197	2203	0.5
197	2294	0.5
197	2300	0.5
197	2312	0.5
197	3034	0.5
198	2151	0.5
198	2399	0.5
198	3053	0.5
198	3664	0.5
198	6224	0.5
199	2480	0.5000041
199	2059	0.5
199	2066	0.5
199	2083	0.5
199	2167	0.5
200	2919	0.5
200	3340	0.5
200	4818	0.5
200	4955	0.5
201	2228	0.5
201	2244	0.5
201	2483	0.5
201	6260	0.5
202	6266	0.50000393
202	2492	0.5
202	2698	0.5
202	2942	0.5
202	2950	0.5
203	2423	0.5
203	6277	0.5
203	6291	0.5
204	3064	0.5
204	5263	0.5
204	5465	0.5
204	6300	0.5
205	4478	0.5
205	5393	0.5
206	2059	0.5
206	2066	0.5
206	2192	0.5
206	2701	0.5
206	3407	0.5
207	2327	0.5
207	2371	0.5
207	2493	0.5
207	3848	0.5
208	2608	0.5
208	6368	0.5
209	2299	0.5
210	2153	0.5
210	2245	0.5
210	2729	0.5
210	3074	0.5
210	3404	0.5
211	2832	0.5000009
211	4950	0.5
211	5008	0.5
212	2304	0.5
212	2673	0.5
213	2295	0.5
213	2394	0.5
213	4076	0.5
214	2609	0.5
215	2285	0.5
215	2493	0.5
216	2460	0.5
216	2695	0.5
216	5283	0.5
217	2251	0.5
217	2294	0.5
217	2638	0.5
217	6466	0.5
217	6468	0.5
218	2235	0.5
218	2288	0.5
219	2049	0.5
219	2286	0.5
219	2455	0.5
219	2519	0.5
219	2894	0.5
220	2261	0.5
221	2013	0.5
221	2157	0.5
221	2815	0.5
221	2946	0.5
221	3207	0.5
222	2059	0.5
222	2251	0.5
222	2288	0.5
222	2325	0.5
222	2541	0.5
223	2505	0.5
223	2850	0.5
223	5444	0.5
224	4360	0.5
225	6158	0.50000155
225	2049	0.5
225	2289	0.5
225	2327	0.5
225	2449	0.5
226	2221	0.5
226	2701	0.5
226	4331	0.5
226	4950	0.5
227	2083	0.5
227	2284	0.5
227	2300	0.5
227	2303	0.5
227	2305	0.5
228	2049	0.5
228	2061	0.5
228	2166	0.5
228	2289	0.5
228	2897	0.5
229	2201	0.5
229	2295	0.5
229	2298	0.5
229	2709	0.5
229	3824	0.5
230	2482	0.5
230	3865	0.5
230	5673	0.5
231	2083	0.5
231	2294	0.5
231	2535	0.5
231	2906	0.5
231	3504	0.5
232	2487	0.5
232	3844	0.5
232	3859	0.5
232	2770	0.49999997
233	2936	0.5
233	3627	0.5
234	2712	0.5
234	5669	0.5
234	3536	0.49999967
235	2338	0.5
235	2340	0.5
235	2542	0.5
235	2681	0.5
235	4961	0.5
236	2283	0.5
236	2536	0.5
236	4007	0.5
236	6707	0.5
237	6713	0.5
237	6740	0.5
238	3743	0.5
238	4143	0.5
239	2061	0.5
239	2198	0.5
239	2289	0.5
239	2323	0.5
239	4528	0.5
240	3194	0.5
240	6233	0.49999997
241	4004	0.5
241	4010	0.5
241	2963	0.49999705
242	2749	0.5
242	3170	0.5
242	6142	0.5
243	3825	0.5
243	6818	0.5
244	2224	0.50000066
244	2406	0.5
244	3187	0.5
245	2066	0.5
245	5730	0.5
245	6587	0.5
245	6861	0.5
246	2061	0.5
246	2184	0.5
246	2371	0.5
246	3072	0.5
247	2094	0.5
247	2169	0.5
247	2176	0.5
247	2868	0.5
247	4161	0.5
248	2511	0.5
248	2816	0.5
248	3107	0.5
248	3109	0.5
249	2045	0.5
249	2197	0.5
249	2842	0.5
249	2953	0.5
249	3081	0.5
250	2356	0.5
250	2525	0.5
250	2542	0.5
251	3514	0.5
252	2397	0.5
252	4727	0.5
253	3177	0.5
253	4809	0.5
254	2284	0.5
254	2343	0.5
254	2537	0.5
254	2640	0.5
254	2695	0.5
255	2365	0.5
255	2492	0.5
255	2770	0.5
255	3859	0.5
256	2868	0.5
256	4331	0.5
256	6464	0.5
257	2148	0.5
257	2505	0.5
257	2869	0.5
257	2984	0.5
258	2156	0.5
258	2223	0.5
258	2228	0.5
258	2419	0.5
258	3123	0.5
259	2286	0.5
259	2310	0.5
259	2460	0.5
259	2469	0.5
259	2492	0.5
260	3187	0.5
260	6712	0.5
261	3389	0.5
262	2942	0.5
262	4626	0.5
262	7038	0.5
263	2718	0.50000006
263	2556	0.5
263	2608	0.5
263	2872	0.5
263	3349	0.5
264	2322	0.5
264	5916	0.5
265	3239	0.5
265	3363	0.5
266	2228	0.5
266	2277	0.5
266	3349	0.5
266	3864	0.5
267	2300	0.5
267	2327	0.5
267	2492	0.5
267	2539	0.5
268	2059	0.5
268	2184	0.5
268	2406	0.5
268	2430	0.5
268	2908	0.5
269	2222	0.5
269	2426	0.5
270	2045	0.5
270	2593	0.5
270	2950	0.5
270	3070	0.5
270	3218	0.5
271	2327	0.5
271	3477	0.5
272	2227	0.5
273	2221	0.5
273	2673	0.5
274	2280	0.5
274	7231	0.5
275	2701	0.5
275	2729	0.5
275	3522	0.5
275	3526	0.5
275	7243	0.5
276	2557	0.5
276	5820	0.5
277	2167	0.5
277	2216	0.5
277	2548	0.5
277	2623	0.5
277	5037	0.5
278	2433	0.5
278	2727	0.5
278	3039	0.5
278	3235	0.5
278	4161	0.5
279	2492	0.5
279	4524	0.5
280	2181	0.5
280	2206	0.5
280	2712	0.5
280	2724	0.5
280	4331	0.5
281	2091	0.5
281	2889	0.5
281	4968	0.5
282	2460	0.5
282	2698	0.5
282	2921	0.5
283	2157	0.5
283	4332	0.5
283	5361	0.5
283	6032	0.5
284	2202	0.5
284	2541	0.5
284	2952	0.5
284	3039	0.5
284	3525	0.5
285	2083	0.5
285	2296	0.5
285	2323	0.5
285	2478	0.5
285	2537	0.5
286	2435	0.5
286	2461	0.5
286	2969	0.5
286	5912	0.5
286	7366	0.5
287	3217	0.5
288	2804	0.5
288	2909	0.5
288	2943	0.5
288	3101	0.5
289	2282	0.5
289	3442	0.5
289	4919	0.5
289	7411	0.5
289	6397	0.49999627
290	2166	0.5
290	2193	0.5
290	2200	0.5
290	2294	0.5
290	3235	0.5
291	2361	0.5
291	4073	0.5
292	2009	0.5
292	2010	0.5
292	2921	0.5
292	3095	0.5
292	4955	0.5
293	2251	0.5
293	2675	0.5
293	3240	0.5
293	3985	0.5
294	2050	0.5
294	2083	0.5
294	2214	0.5
294	2371	0.5
294	5180	0.5
295	2720	0.5
295	3107	0.5
295	4023	0.5
295	4815	0.5
296	3360	0.5
297	2293	0.5
297	2889	0.5
297	4164	0.5
298	7184	0.5
298	7515	0.5
298	7516	0.5
299	2675	0.5
299	7145	0.5
300	2804	0.5
300	2908	0.5
300	2909	0.5
300	2946	0.5
300	3110	0.5
301	2325	0.5
301	2480	0.5
301	2521	0.5
301	2542	0.5
301	2695	0.5
302	2157	0.5
302	3363	0.5
302	5433	0.5
303	2869	0.5
304	2519	0.5
304	2530	0.5
304	2536	0.5
304	5153	0.5
305	2282	0.50000066
305	3048	0.5
305	3370	0.5
305	4115	0.5
305	4500	0.5
306	2894	0.5
306	3100	0.5
306	4562	0.5
306	2859	0.4999992
307	2201	0.5
307	2285	0.5
307	2286	0.5
307	2296	0.5
307	2528	0.5
308	2083	0.5
308	2327	0.5
308	2640	0.5
308	3449	0.5
309	2283	0.5
309	2520	0.5
309	2538	0.5
310	2299	0.5
310	2305	0.5
310	2311	0.5
310	2528	0.5
310	2536	0.5
311	2185	0.5
311	2293	0.5
311	2294	0.5
311	2673	0.5
311	5295	0.5
312	3503	0.5
313	2083	0.5
313	2198	0.5
313	2251	0.5
313	2264	0.5
313	2286	0.5
315	4326	0.5
315	3360	0.49999848
316	2083	0.5
316	2184	0.5
316	2197	0.5
316	2394	0.5
316	2726	0.5
317	2251	0.5
317	2302	0.5
317	2525	0.5
317	4005	0.5
317	6610	0.5
318	2061	0.5
318	2244	0.5
318	2322	0.5
318	2419	0.5
318	2455	0.5
319	3933	0.5
320	2075	0.5
320	2148	0.5
320	2201	0.5
320	2700	0.5
320	2894	0.5
321	3959	0.5
321	5433	0.5
321	7038	0.5
323	2148	0.5
323	3391	0.5
323	4596	0.5
324	2083	0.5
324	2184	0.5
324	3235	0.5
324	3639	0.5
324	2294	0.49999958
325	2402	0.5
326	2287	0.5
326	2343	0.5
326	2450	0.5
326	2675	0.5
326	4068	0.5
327	2434	0.5
327	3219	0.5
327	3736	0.5
327	4185	0.5
328	2455	0.5
328	6266	0.5
329	2167	0.5
329	2288	0.5
329	2493	0.5
329	2532	0.5
329	3174	0.5
330	2223	0.5
330	2518	0.5
330	2530	0.5
330	4005	0.5
331	2251	0.5
331	2326	0.5
331	2343	0.5
331	2522	0.5
332	2251	0.5
332	2308	0.5
332	2380	0.5
332	2469	0.5
332	2695	0.5
333	2294	0.5
333	2490	0.5
333	2542	0.5
334	3172	0.5
334	3182	0.5
334	3187	0.5
334	3532	0.5
334	4177	0.5
335	2093	0.5
335	2423	0.5
335	5465	0.5
336	2156	0.5
336	2190	0.5
336	3826	0.5
337	2868	0.5
337	3455	0.5
339	2277	0.5
339	2293	0.5
339	2312	0.5
339	2314	0.5
339	2336	0.5
340	7996	0.50000006
340	5256	0.5
340	6724	0.5
341	2176	0.5
341	2224	0.5
341	2482	0.5
341	3177	0.5
342	2157	0.5
342	2184	0.5
342	5671	0.5
342	8021	0.5
343	5630	0.5
343	8035	0.5
344	2216	0.5
344	2603	0.5
344	2854	0.5
344	3113	0.5
344	3403	0.5
345	2202	0.5
345	2807	0.5
345	5033	0.5
346	2410	0.5
346	3828	0.5
346	5808	0.5
346	8080	0.5
347	4581	0.5
347	2444	0.49999973
347	3039	0.4999937
348	3234	0.5
348	3845	0.5
349	2069	0.5
349	4767	0.5
349	5916	0.5
350	2083	0.5
350	2513	0.5
350	4641	0.5
350	6258	0.5
352	2296	0.5
352	2323	0.5
352	2334	0.5
352	2338	0.5
352	2528	0.5
353	2228	0.5
353	3248	0.5
353	4724	0.5
354	2023	0.5
354	2914	0.5
354	2933	0.5
354	2944	0.5
354	3403	0.5
355	4016	0.5
356	2235	0.5
356	2326	0.5
356	2343	0.5
356	2904	0.5
356	3587	0.5
357	2270	0.5
357	2325	0.5
357	2599	0.5
357	5195	0.5
358	2889	0.5000008
358	3511	0.50000006
358	2166	0.5
358	2178	0.5
358	2184	0.5
359	2680	0.5
360	8230	0.5
360	2157	0.5
360	6041	0.5
361	2542	0.5
361	3146	0.5
361	3604	0.5
362	2828	0.5
362	8259	0.4999999
363	2083	0.5
363	2289	0.5
363	2334	0.5
364	2371	0.5
364	2480	0.5
364	2482	0.5
364	3185	0.5
364	3845	0.5
365	2061	0.5
365	2458	0.5
365	2492	0.5
365	3919	0.5
366	3072	0.5
367	2239	0.5
368	2969	0.5
368	3351	0.5
369	2716	0.5
369	2728	0.5
369	3064	0.5
370	2540	0.50000006
370	2505	0.5
370	3005	0.5
370	6053	0.49999967
371	2148	0.5
371	2193	0.5
371	3098	0.5
372	2296	0.5
372	2320	0.5
372	2450	0.5
372	2459	0.5
372	2475	0.5
373	2287	0.5
373	2293	0.5
373	2310	0.5
373	2312	0.5
373	2538	0.5
374	2343	0.5
374	2460	0.5
374	2486	0.5
374	2923	0.5
374	3536	0.5
375	2909	0.5
375	3795	0.5
375	3805	0.49999997
375	3342	0.49999973
375	3360	0.49999848
376	2698	0.5
376	3082	0.5
376	4079	0.5
376	8400	0.49999997
377	2203	0.5
377	2224	0.5
377	2327	0.5
377	2475	0.5
377	3397	0.5
378	8420	0.5
378	2286	0.5
378	2343	0.5
378	2344	0.5
379	2184	0.5
379	2364	0.5
379	2911	0.5
379	4942	0.5
379	5864	0.5
380	8440	0.5
380	2074	0.5
380	3700	0.5
380	3968	0.5
380	5633	0.5
381	2071	0.5
381	2221	0.5
382	4903	0.5
383	2465	0.5
383	3192	0.5
383	4633	0.5
384	2469	0.5
384	3435	0.5
384	4904	0.5
385	2190	0.5
385	2300	0.5
385	6605	0.5
386	2059	0.5
386	2292	0.5
386	2338	0.5
386	2520	0.5
386	2635	0.5
387	2906	0.50000113
387	2283	0.5
387	2343	0.5
387	2538	0.5
387	2957	0.5
388	2083	0.5
388	2517	0.5
388	2668	0.5
388	2695	0.5
388	3442	0.5
389	2739	0.49999988
390	2273	0.5
390	2293	0.5
390	2469	0.5
391	2889	0.5
391	3932	0.5
391	4612	0.5
392	2282	0.5
392	2289	0.5
392	2321	0.5
392	6704	0.5
393	2327	0.5
394	2065	0.5
394	2320	0.5
394	2372	0.5
394	2536	0.5
394	2321	0.49999997
395	8587	0.5
395	8597	0.5
395	2061	0.5
395	3704	0.5
396	2066	0.5
396	2175	0.5
396	2224	0.5
396	2921	0.5
396	3265	0.5
397	2049	0.5
397	2312	0.5
397	2338	0.5
398	2047	0.5
398	2132	0.5
399	6178	0.50000054
399	2406	0.5
399	2901	0.5
399	4554	0.5
399	6652	0.5
400	2053	0.5
400	4532	0.5
400	5244	0.5
401	2083	0.5
401	2435	0.5
401	2896	0.5
401	3786	0.5
401	4536	0.5
402	2211	0.5000007
402	2222	0.5
402	2497	0.5
402	2944	0.5
402	2957	0.5
403	2494	0.5
403	6711	0.5
404	2006	0.5
404	2023	0.5
404	2776	0.5
405	8679	0.5
405	2572	0.5
405	3402	0.5
405	5594	0.5
406	2746	0.5
406	3532	0.5
406	6456	0.5
407	2505	0.5
407	2556	0.5
407	2854	0.5
407	3415	0.5
407	6227	0.5
408	2344	0.5
409	2012	0.5
409	2036	0.5
409	7116	0.5
410	8489	0.5
410	4911	0.5
411	2101	0.5
411	2217	0.5
411	2439	0.5
411	2596	0.5
411	2739	0.5
412	3080	0.5
412	5138	0.5
413	2187	0.5
413	3704	0.5
414	8805	0.5
414	8813	0.5
414	2706	0.5
414	2911	0.5
414	4766	0.5
416	2153	0.5
416	3698	0.5
418	2221	0.5
418	3134	0.5
418	3360	0.5
418	6189	0.5
418	7564	0.49999997
419	8620	0.5
419	2364	0.5
419	2911	0.5
419	3403	0.5
420	2319	0.5
420	2452	0.5
420	2455	0.5
421	2942	0.5
421	3405	0.5
421	4429	0.5
422	8919	0.5
422	2151	0.5
422	2167	0.5
422	2219	0.5
422	2700	0.5
423	4015	0.5
423	5252	0.5
424	2025	0.5
424	2156	0.5
424	2597	0.5
424	3053	0.5
424	5171	0.5
425	2315	0.5
425	5341	0.5
425	7107	0.5
426	2909	0.5
426	3349	0.5
426	4328	0.5
427	2059	0.5
427	2221	0.5
427	3403	0.5
427	7841	0.5
428	2704	0.5
428	2812	0.5
428	2947	0.5
428	3357	0.5
429	2201	0.5000016
429	8971	0.5
429	2047	0.5
429	2167	0.5
429	2438	0.5
430	2221	0.5
430	2532	0.5
430	4722	0.5
431	2148	0.5
431	2200	0.5
431	2848	0.5
431	4613	0.5
431	3942	0.49999806
432	2372	0.5
432	3089	0.5
432	6812	0.5
432	7482	0.5
433	5333	0.50000006
433	2153	0.5
433	3368	0.5
433	8098	0.5
433	3508	0.49999958
434	2082	0.5
434	2083	0.5
434	2220	0.5
434	2222	0.5
434	2527	0.5
435	2061	0.5
435	2538	0.5
435	2906	0.5
437	2151	0.5
437	3112	0.5
437	3114	0.5
437	4161	0.5
437	4448	0.5
438	2157	0.5
438	2720	0.5
438	2803	0.5
438	4364	0.5
438	6059	0.5
439	2460	0.5
439	2680	0.5
439	4016	0.5
440	2148	0.5
440	2206	0.5
440	2469	0.5
440	2854	0.5
440	3360	0.5
441	2300	0.5
441	2322	0.5
441	2455	0.5
442	8312	0.5
442	2083	0.5
442	2424	0.5
443	3090	0.5
443	6958	0.5
444	2349	0.5
444	2480	0.5
444	3039	0.5
444	3081	0.5
444	4594	0.5
445	2167	0.5
445	2454	0.5
445	3081	0.5
445	3097	0.5
445	3503	0.5
446	2061	0.5
446	2286	0.5
446	2308	0.5
446	2519	0.5
446	2880	0.5
447	9176	0.5
447	3645	0.5
448	2282	0.5
448	2285	0.5
448	2294	0.5
448	2296	0.5
448	2343	0.5
449	2053	0.5
449	2984	0.5
449	2988	0.5
449	3005	0.5
449	5692	0.5
450	2300	0.5
450	2519	0.5
450	2889	0.5
450	2963	0.5
450	2992	0.5
451	2050	0.5
451	2433	0.5
452	2597	0.5
452	3118	0.5
453	2412	0.5
453	3414	0.5
453	4565	0.5
454	2245	0.5
454	2282	0.5
454	2283	0.5
455	3450	0.5
455	4161	0.5
456	9113	0.5
456	2184	0.5
456	2219	0.5
456	2239	0.5
456	2710	0.5
457	3417	0.5
457	5975	0.5
458	2148	0.5
458	2946	0.5
458	3032	0.5
458	3999	0.5
458	5180	0.5
459	9263	0.5
459	2220	0.5
459	2832	0.5
459	3342	0.49999973
460	3929	0.5
461	2153	0.5
461	2327	0.5
461	2871	0.5
461	3704	0.5
462	2287	0.5
462	2312	0.5
462	2529	0.5
462	2674	0.5
462	2897	0.5
463	2517	0.5
463	2781	0.5
463	2783	0.5
464	2921	0.5
464	3286	0.5
464	3903	0.5
465	2061	0.5
465	2296	0.5
465	2894	0.5
466	2083	0.5
466	2235	0.5
466	2273	0.5
466	2288	0.5
466	2295	0.5
467	2166	0.5
467	2847	0.5
467	2854	0.5
467	3351	0.5
467	3808	0.5
468	3213	0.5
469	2299	0.5
469	3547	0.5
469	2368	0.4999995
470	2185	0.5
470	2293	0.5
470	2300	0.5
470	2334	0.5
470	2537	0.5
471	2282	0.5
472	2039	0.5
472	2538	0.5
472	3029	0.5
472	3230	0.5
472	3446	0.5
473	2201	0.5
474	5829	0.5
474	7114	0.5
476	2371	0.5
476	2712	0.5
476	3171	0.5
477	9468	0.5
477	3926	0.5
478	2556	0.5
478	2606	0.5
478	2608	0.5
478	2872	0.5
478	2955	0.5
479	2498	0.5
479	2776	0.5
479	3330	0.5
480	2697	0.5
480	3503	0.5
481	2083	0.5
482	3712	0.5
482	6003	0.5
483	2491	0.5
483	2512	0.5
483	2516	0.5
483	2518	0.5
483	3699	0.5
484	2972	0.5
484	4515	0.5
484	4585	0.5
485	2251	0.5
485	2289	0.5
485	2292	0.5
485	2327	0.5
485	2469	0.5
486	2066	0.5
486	2481	0.5
486	2950	0.5
486	3794	0.5
486	3902	0.5
487	4715	0.5000001
487	2083	0.5
487	2484	0.5
487	5330	0.5
487	7096	0.5
488	2294	0.5
488	2486	0.5
488	6724	0.5
489	2221	0.5
489	4518	0.5
490	2799	0.5
491	2418	0.5000001
491	2406	0.5
491	2701	0.5
491	2726	0.5
491	2821	0.5
492	2282	0.50000066
492	2894	0.50000006
492	2293	0.5
492	2394	0.5
492	2455	0.5
493	2157	0.5
493	3402	0.5
494	7290	0.5
494	8092	0.5
495	2287	0.5
495	2292	0.5
495	2293	0.5
495	4005	0.5
495	4523	0.5
496	9649	0.5
496	2214	0.5
496	3184	0.5
497	9655	0.5
497	4008	0.5
497	4029	0.5
497	4036	0.5
497	4381	0.5
498	2066	0.5
498	2155	0.5
498	2310	0.5
498	2324	0.5
498	2325	0.5
499	2083	0.5
499	2251	0.5
499	2283	0.5
499	5077	0.5
500	2221	0.5
500	2295	0.5
500	2323	0.5
500	2673	0.5
500	2783	0.5
501	2282	0.5
501	2338	0.5
501	3438	0.5
501	3864	0.5
502	2282	0.5
502	2295	0.5
502	3028	0.5
503	2160	0.5
503	2227	0.5
503	2383	0.5
503	2480	0.5
503	2952	0.5
504	2061	0.5
504	2078	0.5
504	2167	0.5
504	5692	0.5
504	5820	0.5
505	3240	0.50000185
505	2206	0.5
505	2556	0.5
505	2729	0.5
505	2859	0.5
506	2663	0.5
506	4169	0.5
507	2505	0.5
507	3081	0.5
508	2078	0.5
508	2866	0.5
508	5677	0.5
509	2185	0.5
509	2283	0.5
509	2325	0.5
509	2327	0.5
509	2399	0.5
510	2170	0.5
510	2914	0.5
510	5471	0.5
510	7038	0.5
511	2418	0.5
511	2847	0.5
511	3360	0.5
511	3501	0.5
511	4801	0.5
512	2041	0.5
512	3245	0.5
512	5730	0.5
512	6206	0.5
513	2151	0.5
513	2566	0.5
513	2718	0.5
513	2908	0.5
513	3407	0.5
514	2700	0.5
514	2825	0.5
514	2914	0.5
514	3265	0.5
514	3403	0.5
515	2462	0.5
515	2480	0.5
515	2596	0.5
517	2294	0.5
517	2300	0.5
517	2343	0.5
517	2654	0.5
517	8120	0.5
518	2155	0.5
518	2282	0.5
518	2289	0.5
518	2308	0.5
518	5507	0.5
519	2438	0.5
519	2505	0.5
519	3691	0.5
519	3696	0.5
519	6983	0.5
520	2030	0.5
520	3294	0.5
520	7236	0.5
522	2422	0.5
522	3407	0.5
522	3731	0.5
522	3795	0.5
522	3802	0.5
523	2001	0.5
523	2008	0.5
523	2153	0.5
523	2175	0.5
523	2527	0.5
524	9886	0.5
524	6592	0.5
525	4438	0.5
525	5423	0.5
526	8904	0.5
526	9941	0.5
526	4876	0.5
527	2184	0.5
527	2621	0.5
527	3080	0.5
528	2069	0.5
528	2221	0.5
528	2509	0.5
528	2973	0.5
528	3107	0.5
529	2167	0.5
529	2422	0.5
529	5566	0.5
529	8171	0.5
530	2181	0.5
530	2251	0.5
530	2621	0.5
530	2842	0.5
530	2984	0.5
531	2259	0.5
531	2294	0.5
531	2300	0.5
531	2349	0.5
532	2942	0.5
532	4232	0.5
532	4956	0.5
533	2049	0.5
533	2293	0.5
533	2314	0.5
533	2323	0.5
533	2327	0.5
534	2346	0.5
534	2455	0.5
534	3444	0.5
534	6600	0.5
535	2295	0.5
536	2937	0.5
537	2057	0.5
537	2170	0.5
537	2286	0.5
537	3081	0.5
537	3370	0.5
538	6624	0.5
539	2045	0.5
539	2053	0.5
539	2184	0.5
539	2435	0.5
539	3088	0.5
540	10051	0.5
540	2315	0.5
540	2319	0.5
540	2681	0.5
540	3034	0.5
541	8162	0.5
542	4755	0.5
543	2151	0.5
543	2155	0.5
543	2283	0.5
544	2822	0.5
544	2836	0.5
544	3532	0.5
544	3546	0.5
544	4177	0.5
545	8311	0.5
545	2184	0.5
545	2192	0.5
545	2223	0.5
545	6262	0.5
546	2312	0.5
546	2695	0.5
546	2729	0.5
546	2976	0.5
546	7253	0.5
547	2080	0.5
547	4763	0.5
547	7722	0.5
548	2700	0.5
548	3360	0.5
549	10061	0.5
549	2164	0.5
549	2469	0.5
550	2450	0.5
550	2460	0.5
550	2788	0.5
550	3419	0.5
551	2151	0.5
551	2300	0.5
551	2310	0.5
551	2349	0.5
551	2371	0.5
552	2013	0.5
552	2286	0.5
553	10178	0.5
553	2151	0.5
553	2462	0.5
553	4447	0.5
553	7127	0.5
554	2203	0.5
554	2531	0.5
554	3630	0.5
554	4189	0.5
554	4830	0.5
556	2181	0.5
556	2992	0.5
556	3005	0.5
557	2282	0.5
557	2286	0.5
557	2460	0.5
557	4056	0.5
557	6176	0.5
558	2075	0.5
558	6281	0.5
559	10260	0.5
559	2430	0.5
559	3113	0.5
560	3136	0.5
560	3691	0.5
560	5222	0.5
561	8996	0.5
561	2285	0.5
561	2512	0.5
561	2716	0.5
561	2921	0.5
562	2197	0.5
562	2614	0.5
562	2952	0.5
562	2973	0.5
563	2075	0.5
563	2146	0.5
563	2837	0.5
564	6187	0.5
566	2083	0.5
566	2292	0.5
566	5600	0.5
567	2066	0.5
567	2078	0.5
567	4582	0.5
567	5962	0.5
567	6600	0.5
568	2049	0.5
568	2440	0.5
568	2526	0.5
568	3374	0.5
568	3381	0.5
569	8995	0.5
569	10120	0.5
569	2412	0.5
569	10393	0.5
569	3366	0.5
570	2203	0.5
570	2372	0.5
570	2491	0.5
570	2530	0.5
570	2821	0.5
572	2909	0.5
572	2911	0.5
573	2286	0.5
573	2289	0.5
573	2293	0.5
573	2904	0.5
573	3587	0.5
574	2377	0.5
575	2148	0.5
575	2419	0.5
575	3511	0.5
575	4068	0.5
576	2372	0.5
576	2894	0.5
576	2948	0.5
576	4612	0.5
576	6053	0.5
577	2286	0.5
577	2294	0.5
577	2296	0.5
577	2343	0.5
577	2512	0.5
578	2206	0.5
578	2434	0.5
578	3991	0.5
578	4476	0.5
579	2182	0.5000009
579	2184	0.5
579	2209	0.5
579	5864	0.5
579	6282	0.5
580	10221	0.5
580	2371	0.5
580	2673	0.5
580	2706	0.5
580	5810	0.5
581	4514	0.5
583	2412	0.5
583	2418	0.5
583	3230	0.4999991
584	2219	0.5
585	2201	0.5
585	3363	0.5
585	3403	0.5
586	2289	0.5
586	2304	0.5
586	2319	0.5
586	2675	0.5
586	2904	0.5
587	2809	0.50000006
587	2059	0.5
587	2837	0.5
587	2973	0.5
587	7000	0.5
588	2059	0.5
588	2178	0.5
588	3237	0.5
588	5538	0.5
589	2153	0.5
589	2231	0.5
589	2854	0.5
589	3416	0.5
590	2049	0.5
590	2080	0.5
590	2174	0.5
590	2293	0.5
590	2455	0.5
591	2624	0.5
591	2908	0.5
591	3805	0.5
592	2284	0.5
592	2300	0.5
592	2323	0.5
592	2338	0.5
592	3663	0.5
593	2959	0.5
593	4485	0.5
593	4585	0.5
593	5633	0.5
594	2214	0.5
594	2722	0.5
594	2859	0.5
594	2911	0.5
594	3795	0.5
595	2164	0.5
595	3034	0.5
595	5843	0.5
595	4509	0.49999994
596	8813	0.5
596	9938	0.5
596	4844	0.5
597	2423	0.5
597	2548	0.5
597	5181	0.5
597	7708	0.5
598	4108	0.5
599	4039	0.5
599	4052	0.5
600	2319	0.5
600	2686	0.5
600	2781	0.5
600	3443	0.5
601	8278	0.5
601	2211	0.5
601	2754	0.5
602	2909	0.50000083
602	2484	0.5
602	2498	0.5
602	2803	0.5
602	2908	0.5
603	2153	0.5
603	2399	0.5
603	3237	0.5
603	3369	0.5
604	5602	0.5
604	6042	0.5
605	2497	0.5
606	2364	0.5
606	3035	0.5
606	3402	0.5
606	3772	0.5
607	2325	0.5
607	2519	0.5
607	5059	0.5
608	2252	0.5
609	6408	0.50000006
609	2382	0.5
609	4727	0.5
609	4139	0.4999999
610	2052	0.5
610	2176	0.5
610	2529	0.5
610	3630	0.5
610	4119	0.5
611	2251	0.5
611	2282	0.5
611	2369	0.5
611	2480	0.5
611	3906	0.5
612	2181	0.5
612	4500	0.5
612	5890	0.5
612	6225	0.5
614	10846	0.5
614	6646	0.5
615	2512	0.5
615	2946	0.5
616	2148	0.5
616	2427	0.5
616	7482	0.5
617	2093	0.5
617	2430	0.5
617	3064	0.5
618	3095	0.5
618	7788	0.5
619	2319	0.5
619	2462	0.5
619	2505	0.5
619	2525	0.5
619	2539	0.5
620	3536	0.5
620	4331	0.5
620	6683	0.49999994
621	2480	0.50000006
621	2492	0.5
621	4420	0.5
621	5167	0.5
622	3919	0.5
622	6934	0.5
623	2480	0.50000006
623	2532	0.5
623	5355	0.5
624	4827	0.50000006
624	2685	0.5
624	3091	0.5
625	2482	0.5
625	4053	0.5
625	6381	0.5
626	3447	0.5
626	6704	0.5
627	2289	0.5
627	2317	0.5
627	2369	0.5
627	5453	0.5
628	2192	0.5
628	2847	0.5
628	3403	0.5
628	6275	0.5
628	7038	0.5
630	2151	0.5
630	2673	0.5
630	2942	0.5
630	2950	0.5
630	3751	0.5
631	10511	0.5
631	4079	0.5
632	9234	0.5
632	2296	0.5
632	2312	0.5
632	2460	0.5
632	2680	0.5
633	2709	0.5
633	3366	0.5
633	3788	0.5
633	6973	0.5
634	2298	0.5
634	2460	0.5
634	2538	0.5
634	2685	0.5
634	4957	0.5
635	5844	0.5
636	2155	0.5
636	2317	0.5
637	2083	0.5
637	2193	0.5
637	2203	0.5
637	2221	0.5
637	2294	0.5
638	3089	0.5
638	2992	0.49999908
639	3197	0.5
639	3501	0.5
640	2059	0.5
640	2343	0.5
640	2406	0.5
640	2418	0.5
640	2675	0.5
641	2061	0.5
641	2460	0.5
641	2538	0.5
641	3447	0.5
642	2295	0.5
642	2537	0.5
642	2695	0.5
643	2325	0.5
643	2338	0.5
643	2419	0.5
643	3845	0.5
644	2221	0.5
644	4506	0.5
645	10081	0.5
645	2211	0.5
645	3472	0.5
645	4522	0.5
646	4918	0.5
646	7132	0.5
647	2739	0.5
647	11101	0.5
647	4552	0.5
648	2556	0.5
648	5701	0.5
649	2050	0.5
649	2169	0.5
649	2371	0.5
650	2273	0.5
650	2288	0.5
650	2303	0.5
650	4029	0.5
650	2075	0.4999993
651	2170	0.5
651	2908	0.5
651	3349	0.5
652	2289	0.5
652	2327	0.5
652	2349	0.5
652	2539	0.5
652	3033	0.5
653	2294	0.5
654	4205	0.50000006
654	2289	0.5
654	2460	0.5
654	4957	0.5
655	2049	0.5
655	2240	0.5
655	2282	0.5
655	2286	0.5
655	2343	0.5
656	8479	0.5
656	3604	0.5
657	2291	0.5
657	6813	0.5
658	2006	0.5
658	2500	0.5
658	2894	0.5
658	2948	0.5
658	5425	0.5
659	10119	0.5
659	2996	0.5
659	4168	0.5
659	10643	0.5
660	2908	0.5
660	3409	0.5
661	2726	0.5000003
661	8814	0.5
661	2700	0.5
661	4168	0.5
661	4332	0.5
662	2153	0.5
662	2310	0.5
662	2430	0.5
662	2850	0.5
662	3805	0.5
663	11101	0.5
663	2943	0.5
663	3795	0.5
663	4767	0.5
664	3600	0.5
665	2287	0.5
665	2449	0.5
665	2479	0.5
665	2519	0.5
665	3442	0.5
666	5693	0.5
666	3285	0.49999985
667	2221	0.5000002
667	2157	0.5
667	3349	0.5
667	7716	0.5
668	2806	0.5
668	3186	0.5
668	4588	0.5
668	6301	0.5
669	2295	0.5
669	2296	0.5
669	2305	0.5
669	5157	0.5
670	2066	0.5
670	2078	0.5
670	2200	0.5
670	3975	0.5
671	2724	0.5
671	3101	0.5
671	3334	0.5
671	3349	0.5
671	4814	0.5
672	2942	0.5
672	3125	0.5
672	3406	0.5
672	4429	0.5
672	6526	0.5
673	2206	0.5
673	3723	0.5
674	2293	0.5
674	2318	0.5
674	2320	0.5
674	2538	0.5
674	4506	0.5
675	2307	0.5000004
675	2312	0.5
675	2322	0.5
675	2327	0.5
675	2685	0.5
676	8902	0.5
676	3064	0.5
677	4073	0.5
679	2593	0.5
680	2167	0.5
681	2179	0.5
681	2338	0.5
681	2346	0.5
681	4509	0.5
682	2181	0.5
682	11027	0.5
682	2845	0.5
682	3207	0.5
682	5864	0.5
683	2286	0.5
683	2289	0.5
683	2323	0.5
683	2518	0.5
683	2695	0.5
684	2466	0.5
684	2473	0.5
684	3189	0.5
684	4957	0.5
684	6604	0.5
685	5612	0.50000054
685	10258	0.5
685	2969	0.5
685	5631	0.5
685	3380	0.49999842
686	2023	0.5
686	2712	0.5
686	3240	0.5
686	3351	0.5
686	3406	0.5
687	2325	0.5
688	2228	0.5
688	2325	0.5
688	2406	0.5
688	2483	0.5
688	2608	0.5
689	8895	0.5
689	2700	0.5
689	2859	0.5
689	2938	0.5
689	3339	0.5
690	2536	0.5
690	3455	0.5
690	3746	0.5
690	7319	0.5
691	2050	0.5
691	2059	0.5
691	2184	0.5
691	2223	0.5
691	2485	0.5
692	2083	0.5
692	3158	0.5
692	4122	0.5
693	2083	0.5
693	2635	0.5
693	3000	0.5
693	6353	0.5
694	2283	0.5
694	4921	0.5
696	2050	0.5
696	2491	0.5
696	2492	0.5
696	2510	0.5
696	3171	0.5
697	10263	0.5
697	2822	0.5
697	3082	0.5
697	3178	0.5
697	3183	0.5
698	2300	0.5
698	2343	0.5
698	2673	0.5
699	2228	0.5
699	5691	0.5
700	3177	0.5
700	3397	0.5
700	3604	0.5
700	4221	0.5
701	2292	0.5
702	2247	0.5
702	2950	0.5
702	3360	0.5
702	5526	0.5
702	8165	0.5
703	2221	0.5
703	2222	0.5
703	2593	0.5
703	3872	0.5
704	2075	0.5
704	2148	0.5
704	2196	0.5
704	2197	0.5
704	2204	0.5
705	2251	0.5
705	2285	0.5
705	2296	0.5
705	2346	0.5
706	2419	0.5
706	2515	0.5
706	3191	0.5
706	3600	0.5
707	3234	0.5
708	2699	0.5
708	2973	0.5
708	3235	0.5
708	3237	0.5
709	2593	0.5
709	2988	0.5
709	2990	0.5
709	3869	0.5
709	5244	0.5
710	2059	0.5
710	2066	0.5
710	2221	0.5
710	2701	0.5
710	2950	0.5
711	3999	0.5000002
711	2322	0.5
711	2397	0.5
711	2497	0.5
712	2360	0.5
712	2556	0.5
712	5633	0.5
712	7822	0.49999878
713	10500	0.50000006
713	2609	0.5
713	2613	0.5
713	3624	0.5
713	5006	0.5
714	2027	0.5
714	2167	0.5
714	2170	0.5
714	2184	0.5
715	3450	0.5
715	3865	0.5
716	2720	0.5
716	6890	0.5
717	2083	0.5
717	2304	0.5
717	4483	0.5
717	2963	0.49999705
718	9968	0.5
718	2222	0.5
718	2243	0.5
718	2261	0.5
718	2265	0.5
719	3349	0.5
719	4549	0.5
719	4818	0.5
719	7038	0.5
720	2192	0.5
720	3363	0.5
720	4617	0.5
720	7363	0.5
720	3137	0.49999884
721	2957	0.5
721	5008	0.5
722	9172	0.5
722	7135	0.5
723	9962	0.5
723	2006	0.5
723	2343	0.5
723	2517	0.5
724	2083	0.5
724	2700	0.5
724	3454	0.5
724	6761	0.5
725	2187	0.5
725	2292	0.5
725	2727	0.5
726	2289	0.5
726	2294	0.5
727	2412	0.5
727	2748	0.5
727	4656	0.5
728	2193	0.5
728	2412	0.5
728	2739	0.5
728	3381	0.5
728	5374	0.5
729	2214	0.5
729	2255	0.5
729	2973	0.5
729	3766	0.5
730	7350	0.5
731	9600	0.5
731	2201	0.5
731	2223	0.5
731	6890	0.5
732	2851	0.5
732	3070	0.5
732	3233	0.5
732	5603	0.49999997
733	2261	0.5
733	2306	0.5
733	2323	0.5
733	2371	0.5
733	3960	0.5
734	10179	0.5
734	2285	0.5
734	2315	0.5
734	2317	0.5
734	3450	0.5
735	2153	0.5
735	2187	0.5
735	2593	0.5
735	2710	0.5
735	3142	0.5
736	2224	0.5
736	2480	0.5
736	2482	0.5
736	2511	0.5
736	2821	0.5
737	2201	0.5
737	2538	0.5
737	4506	0.5
738	2221	0.5
738	3349	0.5
738	4832	0.5
739	2292	0.5
739	2322	0.5
741	2364	0.5
741	3095	0.5
741	6206	0.5
742	3008	0.5
742	3064	0.5
742	10475	0.5
742	4514	0.5
743	2701	0.5
743	2928	0.5
743	5339	0.5
744	2279	0.5
745	2147	0.5
745	2625	0.5
745	3052	0.5
745	4011	0.5
746	2449	0.5
747	2610	0.5
747	2763	0.5
747	4656	0.5
747	8026	0.5
748	2166	0.5
748	2371	0.5
748	3112	0.5
748	11943	0.5
748	5243	0.5
749	3907	0.5
750	2061	0.5
750	2322	0.5
750	2684	0.5
750	3097	0.5
750	4005	0.5
751	2295	0.5
751	2322	0.5
751	2371	0.5
751	2793	0.5
752	2371	0.5
752	4323	0.5
753	2841	0.5
753	2904	0.5
754	2075	0.5
754	2223	0.5
754	2506	0.5
754	3726	0.5
754	6232	0.5
755	2449	0.50000006
755	2083	0.5
755	2640	0.5
755	5059	0.5
756	2314	0.5
756	2324	0.5
756	2452	0.5
756	2458	0.5
757	2286	0.5
757	2292	0.5
757	2312	0.5
757	2539	0.5
757	2899	0.5
758	9031	0.5
758	2153	0.5
759	2469	0.5
759	3177	0.5
759	3381	0.5
760	2049	0.5
762	2153	0.5
762	3097	0.5
762	3222	0.5
763	2261	0.5
763	2265	0.5
763	3631	0.5
763	12109	0.5
763	3937	0.5
764	9492	0.5
764	8131	0.5
765	2710	0.50000006
765	2206	0.5
765	2418	0.5
765	2423	0.5
765	2548	0.5
766	2197	0.5
766	3391	0.5
766	7294	0.5
766	8021	0.5
767	2512	0.5
767	3401	0.5
767	3447	0.5
767	3454	0.5
767	4087	0.5
768	3197	0.5
768	4770	0.5
768	6372	0.5
769	5227	0.5
769	5439	0.5
769	6040	0.5
769	6202	0.5
770	2596	0.5
770	2952	0.5
770	3089	0.5
770	6600	0.5
770	2616	0.49999866
771	2343	0.5
771	4506	0.5
772	9691	0.5
772	2080	0.5
772	2149	0.5
772	2512	0.5
772	2595	0.5
773	2175	0.5
773	2911	0.5
773	2934	0.5
773	3801	0.5
773	3988	0.5
774	9177	0.5
774	5202	0.5
774	6145	0.5
775	2181	0.5
775	2371	0.5
775	2909	0.5
775	3370	0.5
775	4326	0.5
776	2300	0.5
777	2597	0.5
777	2626	0.5
777	2746	0.5
777	3089	0.5
777	3728	0.5
778	2097	0.5
778	2739	0.5
778	3409	0.5
778	3385	0.49999997
779	10061	0.5
779	2482	0.5
779	2501	0.5
779	2531	0.5
779	2701	0.5
780	2148	0.5
780	2231	0.5
780	2845	0.5
780	3083	0.5
780	3109	0.5
781	2360	0.5
781	2515	0.5
781	5037	0.5
782	3618	0.5
782	4071	0.5
784	2224	0.5
784	2458	0.5
784	3669	0.5
784	6966	0.5
784	7186	0.5
785	3351	0.5
786	2082	0.5
786	3193	0.5
786	5405	0.5
786	5419	0.5
787	2282	0.50000066
787	2311	0.5
787	2542	0.5
787	3023	0.5
787	3498	0.5
788	2216	0.5
788	2230	0.5
788	2423	0.5
788	4521	0.5
788	5374	0.5
789	2164	0.5
789	2433	0.5
789	2955	0.5
790	11630	0.5
790	5464	0.5
791	2296	0.50000185
791	2083	0.5
791	2286	0.5
791	2287	0.5
791	2380	0.5
792	2368	0.5
792	2369	0.5
792	2455	0.5
792	3510	0.5
793	2065	0.5
793	2299	0.5
793	2372	0.5
793	2701	0.5
793	4007	0.5
794	2822	0.5
794	4936	0.5
795	2078	0.5
795	2848	0.5
795	3039	0.5
795	3935	0.5
796	2214	0.5
796	2224	0.5
796	2422	0.5
796	2447	0.5
796	2703	0.5
798	4519	0.5
799	3991	0.5
799	4752	0.5
800	9293	0.5
800	3043	0.5
800	5452	0.5
801	2184	0.5
801	2691	0.5
801	3476	0.5
801	6600	0.5
802	2223	0.5
802	2419	0.5
802	3081	0.5
802	5654	0.5
802	5949	0.5
803	3070	0.50000054
803	2222	0.5
803	2228	0.5
803	2283	0.5
803	4328	0.5
804	2700	0.5
804	3902	0.5
804	3903	0.5
805	2184	0.5
805	2523	0.5
805	4032	0.5
806	2914	0.5
807	2214	0.5
807	2534	0.5
807	2708	0.5
807	6008	0.49999997
808	2683	0.5
808	2908	0.5
808	7034	0.5
809	2061	0.5
809	2290	0.5
809	2296	0.5
809	2319	0.5
809	2323	0.5
810	4504	0.50000006
810	2060	0.5
810	2120	0.5
810	2691	0.5
810	3289	0.5
811	2061	0.5
811	2455	0.5
811	3038	0.5
812	2726	0.5
812	3074	0.5
812	6697	0.5
813	3248	0.5
813	3351	0.5
813	3795	0.5
814	2282	0.5
814	2293	0.5
814	3028	0.5
815	2406	0.5
815	3237	0.5
815	3752	0.5
815	4641	0.5
815	8007	0.5
816	2282	0.5
816	2380	0.5
816	2538	0.5
816	2695	0.5
816	3650	0.5
817	2289	0.5
817	2304	0.5
817	2319	0.5
817	2343	0.5
817	2478	0.5
818	2151	0.5
818	2292	0.5
818	2293	0.5
818	2308	0.5
818	2450	0.5
819	2157	0.5
819	2222	0.5
819	2512	0.5
819	2527	0.5
819	2695	0.5
820	2157	0.5
820	2180	0.5
820	5235	0.5
820	5712	0.5
821	2057	0.5
822	2193	0.5
822	3942	0.5
823	10584	0.5
823	2700	0.5
823	3070	0.5
823	3357	0.5
823	3794	0.5
824	2184	0.5
825	9109	0.5
825	3063	0.5
825	3389	0.5
826	2483	0.5
826	2701	0.5
826	2706	0.5
826	3360	0.5
826	3402	0.5
827	2047	0.5
827	2101	0.5
827	2221	0.5
828	2146	0.5
829	2251	0.5
829	2293	0.5
829	3811	0.5
830	8311	0.5
830	3029	0.5
831	2059	0.5
831	2176	0.5
831	3894	0.5
831	4079	0.5
832	2701	0.5
832	2919	0.5
832	2969	0.5
832	3035	0.5
833	2066	0.5
833	2184	0.5
833	2289	0.5
833	2492	0.5
833	2709	0.5
834	2285	0.5
834	2286	0.5
834	2304	0.5
834	2469	0.5
835	8306	0.5
835	8401	0.5
835	2283	0.5
835	2460	0.5
835	2518	0.5
836	2066	0.5
836	2624	0.5
836	12127	0.5
837	2364	0.5
837	2512	0.5
837	3903	0.5
837	5163	0.5
837	5508	0.5
838	2192	0.5
838	2531	0.5
838	4941	0.5
839	2302	0.5
839	2542	0.5
840	2289	0.5
840	3435	0.5
841	2701	0.5
841	2728	0.5
841	2923	0.5
841	3801	0.5
841	5390	0.5
842	3235	0.5000003
842	9025	0.5
842	2430	0.5
842	2527	0.5
842	2973	0.5
843	2009	0.5
843	2908	0.5
843	3268	0.5
843	3290	0.5
843	4941	0.5
844	2234	0.5
844	2923	0.5
844	6410	0.5
845	2273	0.5
845	2283	0.5
845	2305	0.5
846	2850	0.5
846	7515	0.5
847	2412	0.5
848	2371	0.5
848	2681	0.5
848	3176	0.5
848	3854	0.5
848	3857	0.5
849	2469	0.5
849	3504	0.5
849	3631	0.5
850	9226	0.5
850	2082	0.5
850	2176	0.5
850	4596	0.5
850	5144	0.5
852	2148	0.5
852	2232	0.5
852	2691	0.5
852	2778	0.5
852	3083	0.5
853	2039	0.5
853	5252	0.5
854	9263	0.5
854	3697	0.5
855	4652	0.5
856	2192	0.5
856	2720	0.5
856	5425	0.5
857	2282	0.5
857	2673	0.5
857	2685	0.5
857	4820	0.5
857	8071	0.5
858	2435	0.5
858	2908	0.5
858	3252	0.5
858	6187	0.5
859	3005	0.5
859	3234	0.5
859	5890	0.5
860	2426	0.5
860	2710	0.5
860	2960	0.5
860	6300	0.5
860	6368	0.5
862	2027	0.5
862	3294	0.5
862	3392	0.5
863	4131	0.5
863	4647	0.5
863	4671	0.5
864	2372	0.5
864	2460	0.5
864	2963	0.5
864	5783	0.5
865	2151	0.5
865	2203	0.5
865	2814	0.5
865	2823	0.5
865	6984	0.5
866	2197	0.5
866	2842	0.5
866	5256	0.5
866	8077	0.5
867	4068	0.5
867	4562	0.5
868	2282	0.5
868	5360	0.5
868	6523	0.5
869	2294	0.5
869	3097	0.5
869	3228	0.5
869	6035	0.5
870	2531	0.5
870	3029	0.5
870	3031	0.5
870	3177	0.5
871	2148	0.5
871	2164	0.5
871	4755	0.5
871	6710	0.5
871	7086	0.5
872	3091	0.5
872	4188	0.5
872	4189	0.5
872	4199	0.5
872	4601	0.5
873	2013	0.5
873	2153	0.5
873	2601	0.5
874	2164	0.5
874	2509	0.5
874	3139	0.5
874	7804	0.5
875	2422	0.5
875	2612	0.5
875	3746	0.5
875	4016	0.5
876	2222	0.5
876	2318	0.5
876	2673	0.5
876	3081	0.5
876	3389	0.5
877	2027	0.5
877	5252	0.5
877	6233	0.49999997
877	2992	0.49999908
878	2167	0.5
878	3817	0.5
878	2151	0.49999997
879	8476	0.5
879	2261	0.5
879	3632	0.5
880	3178	0.5
881	2148	0.50000095
881	2052	0.5
881	2059	0.5
881	2950	0.5
881	3375	0.5
882	2322	0.5
882	3604	0.5
882	3618	0.5
883	3230	0.5
883	3932	0.5
883	12625	0.5
884	2157	0.5
885	2277	0.5
885	2785	0.5
885	3234	0.5
885	3926	0.5
885	8107	0.5
886	8311	0.5
886	2157	0.5
886	2190	0.5
886	3029	0.5
886	3038	0.5
887	2286	0.5
887	2314	0.5
887	2680	0.5
888	2314	0.5
888	2460	0.5
889	2176	0.5
889	2433	0.5
889	2487	0.5
889	2492	0.5
889	2504	0.5
890	2854	0.5
890	3391	0.5
890	4124	0.5
890	8085	0.5
891	2160	0.5
891	2536	0.5
891	4431	0.5
891	2294	0.49999958
892	2224	0.5
892	2699	0.5
892	2702	0.5
892	3037	0.5
893	2412	0.5
893	2746	0.5
893	3699	0.5
894	2282	0.5
894	2285	0.5
894	2635	0.5
894	10950	0.5
894	2962	0.5
895	2493	0.5
895	5037	0.5
896	2197	0.5
896	2853	0.5
896	2960	0.5
897	5380	0.5
898	2538	0.5
898	3351	0.5
898	3794	0.5
898	5408	0.49999997
899	7238	0.5
900	2216	0.5
901	4648	0.5
902	2289	0.5
902	2327	0.5
902	2365	0.5
902	2469	0.5
902	2668	0.5
903	2049	0.5
903	2293	0.5
903	2322	0.5
903	2327	0.5
903	2354	0.5
904	2837	0.5
904	3136	0.5
904	3187	0.5
904	4199	0.5
904	5870	0.5
905	2286	0.5
905	3921	0.5
906	2197	0.5
906	2200	0.5
907	2412	0.5
907	2430	0.5
907	2593	0.5
907	2597	0.5
907	3089	0.5
908	2215	0.5
908	2505	0.5
908	2601	0.5
908	2727	0.5
908	3769	0.5
909	8614	0.5
909	2435	0.5
909	2832	0.5
910	10592	0.5
910	2151	0.49999997
911	2300	0.5
911	2322	0.5
911	2460	0.5
911	2478	0.5
911	3449	0.5
913	2148	0.5
913	2184	0.5
913	2325	0.5
913	2612	0.5
913	4827	0.5
914	2083	0.5
914	2256	0.5
914	2283	0.5
914	2889	0.5
914	4074	0.5
915	2059	0.5
915	2182	0.5
915	2412	0.5
915	2455	0.5
916	2061	0.5
916	2185	0.5
916	2327	0.5
916	12637	0.5
917	2169	0.5
917	2285	0.5
917	2293	0.5
917	2317	0.5
918	2222	0.5
918	2317	0.5
918	2570	0.5
920	3960	0.5
920	6930	0.5
920	8101	0.5
921	2063	0.5
921	2221	0.5
921	2225	0.5
921	2240	0.5
921	2255	0.5
922	10171	0.5
922	2151	0.5
922	2449	0.5
922	3450	0.5
922	5534	0.5
923	8628	0.5
923	10258	0.5
923	2423	0.5
923	3708	0.5
923	3738	0.5
924	3366	0.50000197
924	2397	0.5
924	2495	0.5
924	3372	0.5
925	2079	0.5
925	2187	0.5
925	3845	0.5
925	4332	0.5
925	4509	0.5
926	2486	0.5
926	2518	0.5
926	3185	0.5
926	3669	0.5
926	6301	0.5
927	8311	0.5
927	2498	0.5
927	3089	0.5
927	3090	0.5
927	3153	0.5
929	2894	0.5
929	3435	0.5
930	6093	0.5
930	7358	0.5
931	4262	0.5
931	4266	0.5
931	4641	0.5
932	2049	0.5
932	2155	0.5
932	2304	0.5
932	2305	0.5
932	2319	0.5
933	2364	0.5
933	2497	0.5
933	2802	0.5
933	2806	0.5
933	4943	0.5
934	2292	0.5
934	3222	0.5
934	3234	0.5
934	6831	0.5
934	6917	0.5
935	2082	0.5
935	2251	0.5
935	2294	0.5
935	3844	0.5
936	2153	0.5
936	2157	0.5
936	2196	0.5
936	3094	0.5
937	2151	0.5
937	2538	0.5
937	2593	0.5
937	4633	0.5
938	2151	0.5
938	2283	0.5
938	2289	0.5
938	2327	0.5
938	2369	0.5
939	2039	0.5
939	2480	0.5
939	2492	0.5
939	2530	0.5
939	5330	0.5
940	2727	0.5
940	3403	0.5
940	3966	0.5
941	2192	0.5
941	3454	0.5
941	3504	0.5
941	7477	0.5
942	2235	0.5
942	2295	0.5
942	2300	0.5
942	2595	0.5
942	4079	0.5
943	2203	0.5
943	2492	0.5
943	3240	0.5
944	2209	0.50000066
944	2046	0.5
944	2092	0.5
944	2593	0.5
944	2984	0.5
945	10694	0.5
945	3351	0.5
946	2221	0.5
946	2561	0.5
946	2593	0.5
947	9685	0.5
947	2334	0.5
947	2343	0.5
947	2684	0.5
947	3446	0.5
948	2539	0.5
948	2700	0.5
949	4274	0.5
949	5814	0.5
950	3240	0.50000185
950	2424	0.5
950	2842	0.5
951	8904	0.5
951	7324	0.5
952	2181	0.5
952	2984	0.5
952	2996	0.5
952	3053	0.5
952	3874	0.5
953	9188	0.5
953	2325	0.5
953	2460	0.5
953	3435	0.5
953	5064	0.5
954	2203	0.5
954	3171	0.5
954	4348	0.5
954	4703	0.5
954	5012	0.4999996
955	2059	0.5
955	2184	0.5
955	2327	0.5
955	2701	0.5
955	2973	0.5
956	2343	0.5
956	10846	0.5
957	2712	0.5
957	4456	0.5
957	5393	0.5
958	2286	0.5
958	2293	0.5
958	2525	0.5
958	2683	0.5
958	2793	0.5
959	2148	0.5
959	4797	0.5
960	2050	0.5
960	2148	0.5
960	2197	0.5
960	2423	0.5
960	2433	0.5
961	2623	0.5
961	4553	0.5
962	3036	0.5
962	7996	0.5
963	2101	0.5
963	2221	0.5
963	6071	0.5
963	7301	0.5
964	2049	0.5
964	2050	0.5
964	2314	0.5
964	2321	0.5
964	2458	0.5
965	2231	0.5
965	2438	0.5
965	3722	0.5
965	3949	0.5
965	4820	0.5
966	2277	0.5
966	2365	0.5
966	3848	0.5
967	2296	0.50000185
967	2251	0.5
967	2354	0.5
967	4077	0.5
968	2294	0.5
968	2314	0.5
968	2522	0.5
968	2905	0.5
969	2298	0.5
969	2338	0.5
969	2452	0.5
969	2784	0.5
970	2156	0.5
970	3122	0.5
970	3228	0.5
970	3395	0.5
970	3623	0.5
971	2908	0.5
971	7537	0.5
972	8582	0.5
972	5403	0.5
972	5408	0.5
973	3415	0.5
973	4262	0.5
973	2593	0.49999985
974	3151	0.5
974	3459	0.5
974	4916	0.5
975	2282	0.5
975	2292	0.5
975	2512	0.5
975	2894	0.5
976	2708	0.5
977	2483	0.50000006
977	2599	0.5
977	2799	0.5
977	5407	0.5
978	2320	0.50000423
978	2214	0.5
978	2293	0.5
978	2294	0.5
978	5054	0.5
979	9176	0.5
979	2294	0.5
979	2406	0.5
979	4161	0.5
979	5296	0.5
980	2061	0.5
980	2322	0.5
980	2519	0.5
980	3053	0.5
981	2290	0.5
981	2310	0.5
981	2336	0.5
981	2455	0.5
981	2492	0.5
982	9941	0.5
982	2200	0.5
982	2579	0.5
982	2729	0.5
982	11200	0.5
983	2252	0.5
983	2710	0.5
983	3823	0.5
984	4504	0.50000006
984	2058	0.5
984	2612	0.5
984	5180	0.5
984	2153	0.49999997
985	8257	0.5
985	5151	0.5
985	9886	0.49999994
986	2931	0.5
986	3360	0.5
987	2531	0.5
987	3623	0.5
987	3798	0.5
987	5291	0.5
987	5993	0.5
988	2433	0.5
988	2695	0.5
988	3420	0.5
989	3039	0.5
989	3081	0.5
989	3391	0.5
990	2419	0.5
990	3910	0.5
990	4079	0.5
991	2059	0.5
991	2176	0.5
991	2285	0.5
991	2327	0.5
991	2530	0.5
992	2193	0.5
992	2201	0.5
992	2614	0.5
992	3088	0.5
993	3414	0.5
994	8458	0.5
994	10120	0.5
994	3235	0.5
994	5338	0.5
994	5672	0.5
995	2202	0.5
995	2219	0.5
995	2606	0.5
995	3508	0.5
995	6045	0.5
996	2327	0.5
996	3032	0.5
996	3192	0.5
996	5347	0.5
996	6262	0.5
997	3877	0.50000125
997	2075	0.5
997	2147	0.5
997	2148	0.5
997	3286	0.5
999	2285	0.5
999	2492	0.5
999	4755	0.5
999	5507	0.5
999	7083	0.5
1000	2295	0.5
1000	2311	0.5
1000	2369	0.5
1000	4086	0.5
1000	4087	0.5
1001	2828	0.5
1001	3095	0.5
1001	3104	0.5
1001	3701	0.5
1002	2215	0.5
1002	2709	0.5
1003	2894	0.5
1003	3366	0.5
1003	3454	0.5
1004	3222	0.50000054
1004	2087	0.5
1004	3057	0.5
1004	3230	0.5
1004	3235	0.5
1005	2053	0.5
1005	2153	0.5
1005	2167	0.5
1005	2174	0.5
1005	2221	0.5
1006	2229	0.5
1006	10656	0.5
1006	3193	0.5
1006	3979	0.5
1006	5090	0.5
1007	2227	0.5
1007	4657	0.5
1008	2049	0.5
1008	2052	0.5
1008	2461	0.5
1008	2532	0.5
1008	2695	0.5
1009	2069	0.5
1009	3035	0.5
1010	2473	0.50000036
1010	8244	0.5
1010	8814	0.5
1010	2057	0.5
1010	2251	0.5
1011	2245	0.5
1011	2259	0.5
1011	2295	0.5
1011	2455	0.5
1011	2539	0.5
1012	10065	0.5
1012	2797	0.5
1012	4335	0.5
1012	9481	0.4999998
1013	3950	0.5
1013	3968	0.5
1014	2259	0.5
1014	2282	0.5
1014	2285	0.5
1014	2312	0.5
1014	2314	0.5
1015	2501	0.5
1015	2724	0.5
1015	4946	0.5
1015	7544	0.5
1016	2816	0.5
1016	4939	0.5
1016	2676	0.49999997
1016	3844	0.4999983
1017	2214	0.5
1017	2216	0.5
1018	9188	0.5
1018	2308	0.5
1018	2476	0.5
1018	3535	0.5
1018	5281	0.5
1019	2193	0.5
1019	5061	0.5
1021	8420	0.5
1021	2256	0.5
1021	6592	0.5
1022	2419	0.5
1022	4554	0.5
1022	4924	0.5
1022	6142	0.5
1023	9174	0.5
1024	2517	0.5
1024	2902	0.5
1025	2372	0.5
1026	8214	0.5
1026	2315	0.5
1026	2460	0.5
1026	2675	0.5
1026	2681	0.5
1027	6011	0.5
1028	2283	0.5
1028	2512	0.5
1028	2522	0.5
1028	2526	0.5
1028	2695	0.5
1029	2030	0.5
1029	2031	0.5
1029	2043	0.5
1029	3877	0.5
1030	2214	0.5
1030	2251	0.5
1030	2483	0.5
1030	2914	0.5
1030	3663	0.5
1031	2184	0.5
1031	2292	0.5
1031	2460	0.5
1031	5362	0.5
1031	7801	0.5
1032	2492	0.5
1032	3415	0.5
1032	2064	0.4999983
1033	2286	0.5
1033	2455	0.5
1033	14108	0.5
1034	2282	0.5
1034	2319	0.5
1034	2455	0.5
1034	2460	0.5
1034	2695	0.5
1035	2157	0.5
1035	2201	0.5
1035	2206	0.5
1035	2219	0.5
1035	2289	0.5
1036	2228	0.5
1036	2294	0.5
1036	2527	0.5
1036	2561	0.5
1037	2304	0.5
1037	2518	0.5
1037	2880	0.5
1037	3023	0.5
1037	3028	0.5
1038	2346	0.5
1038	2685	0.5
1038	3025	0.5
1038	5285	0.5
1039	2235	0.5
1039	2279	0.5
1039	2635	0.5
1039	2695	0.5
1039	3000	0.5
1040	2148	0.5
1040	2221	0.5
1040	3416	0.5
1040	7950	0.5
1041	2450	0.5
1041	2452	0.5
1041	2453	0.5
1042	2193	0.5
1042	2428	0.5
1042	2593	0.5
1042	2697	0.5
1042	2850	0.5
1043	8985	0.5
1043	2285	0.5
1043	2449	0.5
1043	2456	0.5
1043	4056	0.5
1044	2722	0.5
1044	4874	0.5
1045	2292	0.5
1045	3449	0.5
1045	4633	0.5
1045	7145	0.5
1045	2674	0.49999997
1046	2184	0.5
1046	2702	0.5
1046	10501	0.5
1047	2371	0.5
1047	2948	0.5
1047	3991	0.5
1049	2430	0.5
1049	2842	0.5
1050	2350	0.5
1050	4421	0.5
1050	4427	0.5
1050	7145	0.5
1051	2527	0.5
1051	3800	0.5
1051	5210	0.5
1051	6277	0.5
1052	3501	0.5
1053	2053	0.5
1053	2229	0.5
1053	2469	0.5
1053	11312	0.5
1053	6003	0.5
1054	3784	0.5
1054	6818	0.5
1055	2243	0.5
1055	3108	0.5
1055	5601	0.5
1056	9008	0.5
1056	2153	0.5
1056	2480	0.5
1057	2192	0.5
1057	2351	0.5
1057	2484	0.5
1058	2804	0.5
1059	5513	0.5
1060	2203	0.5
1060	3844	0.5
1060	4820	0.5
1061	2083	0.5
1062	2053	0.5
1062	2078	0.5
1062	2174	0.5
1062	2181	0.5
1062	2187	0.5
1063	3700	0.5
1064	2214	0.5
1064	2505	0.5
1064	2527	0.5
1064	2984	0.5
1064	3704	0.5
1065	4793	0.5
1066	5787	0.5
1067	2292	0.5
1067	2397	0.5
1067	2431	0.5
1067	3230	0.5
1067	3493	0.5
1068	2283	0.5
1069	2894	0.5000015
1069	3720	0.5
1070	2053	0.5
1070	2419	0.5
1070	2709	0.5
1070	2992	0.5
1070	3700	0.5
1071	2726	0.5
1071	3794	0.5
1071	4328	0.5
1071	6375	0.5
1072	4920	0.5
1073	10518	0.5
1073	10522	0.5
1074	2184	0.5
1074	2201	0.5
1074	2469	0.5
1074	2473	0.5
1074	2673	0.5
1075	9685	0.5
1075	9962	0.5
1075	2289	0.5
1075	2524	0.5
1075	2695	0.5
1076	2151	0.5
1076	3393	0.5
1076	5279	0.5
1077	8679	0.5
1077	2852	0.5
1077	3066	0.5
1077	3076	0.5
1077	5181	0.5
1078	2597	0.5
1078	3391	0.5
1078	4404	0.5
1079	2023	0.5
1079	2809	0.5
1079	3172	0.5
1079	4830	0.5
1080	7117	0.5
1081	2061	0.5
1081	2091	0.5
1081	2283	0.5
1081	3623	0.5
1082	2155	0.5
1082	2279	0.5
1082	2538	0.5
1082	2880	0.5
1082	2906	0.5
1083	2729	0.5
1083	3700	0.5
1083	3892	0.5
1083	4274	0.5
1083	13583	0.5
1084	2282	0.5
1084	2526	0.5
1084	3400	0.5
1084	4504	0.5
1084	5180	0.5
1085	2300	0.5
1085	2322	0.5
1085	3023	0.5
1086	3092	0.50000226
1086	2050	0.5
1086	2064	0.5
1086	2204	0.5
1087	2360	0.5
1087	2850	0.5
1087	4429	0.5
1088	2075	0.5
1088	2418	0.5
1088	2505	0.5
1088	3110	0.5
1089	3805	0.5
1090	2101	0.5
1090	6810	0.5
1091	8277	0.5
1091	3604	0.5
1091	3949	0.5
1092	3107	0.5
1092	3865	0.5
1092	4635	0.5
1093	2287	0.5
1093	3449	0.5
1093	3919	0.5
1093	5460	0.5
1094	2522	0.50000066
1094	2221	0.5
1094	2319	0.5
1094	2680	0.5
1094	3391	0.5
1095	2609	0.5
1096	2222	0.5
1096	2505	0.5
1096	2848	0.5
1096	3113	0.5
1096	3510	0.5
1097	2064	0.5
1097	2223	0.5
1097	2505	0.5
1097	2593	0.5
1097	4534	0.5
1098	2148	0.5
1098	2597	0.5
1100	5433	0.5
1100	3360	0.49999848
1101	2915	0.5
1102	3005	0.5
1102	3064	0.5
1102	3890	0.5
1102	4475	0.5
1102	5756	0.5
1103	2061	0.5
1103	2092	0.5
1103	2151	0.5
1103	2221	0.5
1103	2595	0.5
1104	2066	0.5
1104	2414	0.5
1104	2865	0.5
1104	5242	0.5
1105	2082	0.5
1105	2973	0.5
1106	3286	0.5
1106	3289	0.5
1107	2364	0.5
1107	4947	0.5
1108	2420	0.5
1108	2677	0.5
1108	2953	0.5
1109	10668	0.5
1109	3170	0.5
1110	3919	0.5
1110	3956	0.5
1111	2178	0.5
1111	2193	0.5
1111	2201	0.5
1111	2310	0.5
1111	5632	0.5
1112	7031	0.50000036
1112	2091	0.5
1112	2151	0.5
1112	2540	0.5
1112	3415	0.5
1113	3183	0.5
1114	2083	0.5
1114	2283	0.5
1114	2299	0.5
1114	2473	0.5
1114	2897	0.5
1115	2729	0.5
1115	6285	0.5
1116	8904	0.5
1116	4844	0.5
1116	7537	0.5
1116	8040	0.5
1117	2048	0.5
1117	2093	0.5
1117	2153	0.5
1117	2505	0.5
1117	2512	0.5
1118	2083	0.5
1118	2255	0.5
1118	2264	0.5
1118	2286	0.5
1118	4032	0.5
1119	2224	0.5
1119	2435	0.5
1119	3363	0.5
1119	4458	0.5
1119	5380	0.5
1120	2294	0.5
1120	3000	0.5
1122	2908	0.5
1122	3235	0.5
1123	2045	0.5
1123	2435	0.5
1123	2849	0.5
1124	2050	0.5
1124	2380	0.5
1124	2526	0.5
1124	2780	0.5
1124	4003	0.5
1125	2047	0.5
1126	8944	0.5
1126	2066	0.5
1126	2227	0.5
1126	2371	0.5
1126	2597	0.5
1127	3095	0.5
1127	3122	0.5
1127	3440	0.5
1127	6281	0.5
1127	7035	0.5
1128	2202	0.5
1128	2609	0.5
1129	2148	0.5
1129	2419	0.5
1130	8582	0.5
1130	2157	0.5
1130	2603	0.5
1131	2426	0.4999974
1132	2956	0.5
1132	3109	0.5
1132	3349	0.5
1132	5433	0.5
1133	2148	0.5
1134	2292	0.5
1134	2593	0.5
1135	2492	0.5
1135	5304	0.5
1135	5693	0.5
1135	6139	0.5
1135	6178	0.5
1136	2178	0.5
1136	2181	0.5
1137	2185	0.5
1137	2286	0.5
1137	2343	0.5
1137	2346	0.5
1137	2695	0.5
1138	7664	0.5
1139	2239	0.5
1139	3349	0.5
1139	3698	0.5
1139	3998	0.5
1139	4478	0.5
1140	2537	0.5
1140	3033	0.5
1141	2739	0.5
1141	2803	0.5
1141	5864	0.5
1142	2417	0.50000024
1142	2673	0.5
1142	2953	0.5
1142	3097	0.5
1142	3746	0.5
1143	5298	0.5
1144	2843	0.5
1144	6072	0.5
1145	2531	0.50000006
1145	2480	0.5
1145	2530	0.5
1145	2942	0.5
1145	4029	0.5
1146	2193	0.5
1146	2196	0.5
1146	2616	0.5
1146	3391	0.5
1146	3503	0.5
1147	2784	0.5
1147	3689	0.5
1148	2049	0.5
1148	2282	0.5
1148	2293	0.5
1148	2781	0.5
1149	3342	0.5
1149	3746	0.5
1150	8611	0.5
1150	2053	0.5
1150	2435	0.5
1152	2406	0.5
1152	2848	0.5
1152	3035	0.5
1152	3349	0.5
1153	2247	0.5
1153	3374	0.5
1153	5678	0.5
1154	8611	0.5
1155	2286	0.5
1155	2793	0.5
1155	3234	0.5
1155	3381	0.5
1156	2153	0.5
1156	2223	0.5
1156	2516	0.5
1156	5164	0.5
1157	4331	0.5
1158	3113	0.5
1158	10393	0.5
1158	3630	0.5
1158	13340	0.5
1159	3230	0.5
1159	4511	0.5
1160	2214	0.5
1160	2223	0.5
1160	2609	0.5
1160	2890	0.5
1160	3038	0.5
1161	2319	0.5
1161	2326	0.5
1161	2698	0.5
1161	3000	0.5
1161	4069	0.5
1162	7802	0.50000006
1162	2211	0.5
1162	2683	0.5
1162	2746	0.5
1162	2894	0.5
1163	2282	0.5
1163	2461	0.5
1163	2902	0.5
1164	10157	0.5
1164	2729	0.5
1164	12025	0.5
1164	4191	0.5
1165	2059	0.5
1165	2061	0.5
1165	2066	0.5
1165	2283	0.5
1166	2282	0.5
1166	2318	0.5
1166	2343	0.5
1166	2465	0.5
1166	3581	0.5
1167	2769	0.5
1167	4648	0.5
1168	2435	0.5
1168	3949	0.5
1168	5242	0.5
1171	5627	0.5
1173	7031	0.5000003
1173	2177	0.5
1173	3824	0.5
1174	2293	0.5
1174	2455	0.5
1174	3039	0.5
1174	3391	0.5
1174	3630	0.5
1175	2397	0.5
1175	2969	0.5
1175	3170	0.5
1175	3794	0.5
1175	6963	0.5
1176	3033	0.5
1177	3746	0.5
1178	2947	0.5
1178	3122	0.5
1178	4724	0.5
1179	2283	0.5
1179	2304	0.5
1179	2324	0.5
1179	2462	0.5
1179	2478	0.5
1180	2157	0.5
1180	2294	0.5
1180	2900	0.5
1181	2283	0.5
1181	2449	0.5
1181	4079	0.5
1181	4087	0.5
1181	5287	0.5
1182	2083	0.5
1182	2245	0.5
1182	2287	0.5
1182	2897	0.5
1182	4007	0.5
1183	2198	0.5
1183	2710	0.5
1183	3757	0.5
1183	7324	0.4999979
1184	2193	0.5
1185	2640	0.5
1185	4067	0.5
1185	6701	0.5
1186	2300	0.5
1186	2460	0.5
1186	2793	0.5
1186	2894	0.5
1186	3919	0.5
1188	2247	0.5
1188	2283	0.5
1188	2285	0.5
1188	2512	0.5
1188	3450	0.49999997
1189	2506	0.5
1189	2701	0.5
1189	3109	0.5
1189	3403	0.4999999
1190	2251	0.5
1190	2338	0.5
1190	8166	0.5
1191	2083	0.5
1191	2286	0.5
1191	2311	0.5
1191	2479	0.5
1191	6472	0.5
1192	2203	0.5
1192	2402	0.5
1192	2485	0.5
1192	3176	0.5
1192	7844	0.5
1193	2626	0.5
1193	2760	0.5
1193	3409	0.5
1193	7301	0.5
1195	2221	0.5
1195	2285	0.5
1195	2455	0.5
1195	3624	0.5
1196	2540	0.50000006
1196	2292	0.5
1196	2458	0.5
1196	2538	0.5
1196	5013	0.5
1197	2222	0.5
1197	3391	0.5
1197	7660	0.5
1198	8536	0.5
1198	2221	0.5
1198	2418	0.5
1198	4801	0.5
1198	4835	0.5
1199	2760	0.5
1199	4136	0.5
1199	4454	0.5
1199	6677	0.5
1200	2006	0.5
1200	2203	0.5
1200	2534	0.5
1200	2681	0.5
1200	3230	0.5
1201	2377	0.5
1201	3977	0.5
1202	8586	0.5
1202	2220	0.5
1202	2862	0.5
1202	15330	0.5
1203	9744	0.5
1203	2187	0.5
1203	3018	0.5
1203	4916	0.5
1204	9200	0.5
1204	3103	0.5
1204	3114	0.5
1204	5221	0.5
1205	3948	0.5
1206	3403	0.5
1206	12133	0.5
1207	9819	0.5
1207	2284	0.5
1207	2319	0.5
1207	2460	0.5
1208	3493	0.5
1210	3495	0.5
1210	3699	0.5
1210	8036	0.5
1211	2156	0.5
1211	2157	0.5
1211	2197	0.5
1211	2850	0.5
1211	2856	0.5
1212	2221	0.5
1212	2223	0.5
1212	2285	0.5
1212	2292	0.5
1212	2703	0.5
1213	2176	0.5
1213	2211	0.5
1213	2221	0.5
1213	2418	0.5
1213	2959	0.5
1214	6107	0.5
1215	2441	0.5
1216	2045	0.5
1216	2066	0.5
1216	2377	0.5
1216	2700	0.5
1216	4328	0.5
1217	2559	0.5
1217	3114	0.5
1217	3233	0.5
1218	2397	0.5
1218	3670	0.5
1218	6468	0.5
1220	9188	0.5
1220	2327	0.5
1220	2350	0.5
1220	3034	0.5
1220	3438	0.5
1221	2184	0.5
1221	2611	0.5
1221	3843	0.5
1221	4178	0.5
1221	8062	0.5
1222	2050	0.5
1222	2090	0.5
1222	2220	0.5
1222	3341	0.5
1222	4347	0.5
1223	2462	0.5
1223	2480	0.5
1223	3025	0.5
1224	2222	0.5
1224	2227	0.5
1224	3035	0.5
1224	3552	0.5
1224	3852	0.5
1225	2770	0.5
1225	2804	0.5
1225	2825	0.5
1225	3186	0.5
1225	3844	0.5
1226	2189	0.5
1226	2222	0.5
1226	2435	0.5
1228	2286	0.5
1228	2294	0.5
1228	2296	0.5
1228	2305	0.5
1228	5360	0.5
1229	4475	0.4999999
1230	2156	0.5
1230	2874	0.5
1230	3125	0.5
1230	3977	0.5
1230	8057	0.5
1231	7315	0.50000614
1231	2214	0.5
1231	2623	0.5
1232	2848	0.5
1232	3240	0.5
1232	12706	0.5
1233	4827	0.50000006
1233	2480	0.5
1233	3698	0.5
1233	6350	0.5
1234	2548	0.5
1234	3235	0.5
1234	4844	0.5
1235	2083	0.5
1235	2460	0.5
1235	2906	0.5
1236	2149	0.5
1236	2340	0.5
1236	3230	0.5
1237	5195	0.5
1238	2153	0.5
1238	2223	0.5
1238	2224	0.5
1238	2343	0.5
1238	2898	0.5
1239	2397	0.5
1239	2458	0.5
1239	3438	0.5
1239	3461	0.5
1240	2534	0.5
1240	2746	0.5
1240	3090	0.5
1240	4800	0.5
1241	2059	0.5
1241	2083	0.5
1241	2422	0.5
1241	10620	0.5
1241	2482	0.5
1242	6093	0.50000006
1242	9042	0.5
1242	2075	0.5
1242	2211	0.5
1242	2224	0.5
1243	2493	0.5
1243	2519	0.5
1243	2700	0.5
1243	2946	0.5
1243	2950	0.5
1244	11482	0.5
1244	3360	0.5
1244	5177	0.5
1245	2214	0.5
1245	2283	0.5
1245	2480	0.5
1245	2532	0.5
1245	3240	0.5
1246	6178	0.50000054
1246	8620	0.5
1246	3178	0.5
1246	3849	0.5
1247	2225	0.5
1247	2739	0.5
1248	2285	0.5
1248	2315	0.5
1248	2542	0.5
1248	2777	0.5
1248	2899	0.5
1249	2214	0.5
1249	2480	0.5
1249	2492	0.5
1249	2498	0.5
1249	3136	0.5
1250	8775	0.5
1250	2059	0.5
1250	2438	0.5
1250	2505	0.5
1250	3727	0.5
1251	3935	0.5
1251	3948	0.5
1251	7758	0.5
1252	2727	0.5
1252	3415	0.5
1252	5050	0.5
1253	2197	0.5
1253	2519	0.5
1253	3461	0.5
1254	2285	0.5
1254	2315	0.5
1254	2382	0.5
1254	4506	0.5
1254	4526	0.5
1255	10253	0.5
1255	2500	0.5
1255	2946	0.5
1255	3158	0.5
1255	4932	0.5
1256	3366	0.5
1256	4504	0.5
1256	5374	0.5
1256	6301	0.5
1256	2683	0.49999765
1257	2540	0.50000006
1257	2201	0.5
1257	2282	0.5
1257	2414	0.5
1257	2460	0.5
1258	2184	0.5
1258	2225	0.5
1258	2418	0.5
1258	3039	0.5
1258	5037	0.5
1259	2083	0.5
1259	2157	0.5
1259	3237	0.5
1259	5180	0.5
1260	3244	0.5
1260	3288	0.5
1261	2314	0.5
1261	2673	0.5
1261	2697	0.5
1261	2729	0.5
1261	3234	0.5
1262	3396	0.5000001
1262	3233	0.5
1262	3928	0.5
1262	5262	0.5
1263	3351	0.50000024
1263	3328	0.5
1265	2957	0.5
1265	5566	0.5
1266	2061	0.5
1266	2283	0.5
1266	2455	0.5
1266	2462	0.5
1266	2537	0.5
1267	2151	0.5
1267	2530	0.5
1267	3072	0.5
1267	3440	0.5
1267	14813	0.5
1268	2423	0.5
1268	2435	0.5
1268	3630	0.5
1268	5663	0.5
1269	2371	0.5
1269	10927	0.5
1269	3173	0.5
1269	7823	0.5
1270	2148	0.5
1270	6438	0.5
1271	2710	0.50000006
1271	2082	0.5
1271	2201	0.5
1271	2412	0.5
1271	2703	0.5
1272	2220	0.5
1273	8775	0.5
1273	2548	0.5
1273	3368	0.5
1274	2181	0.5
1275	2083	0.5
1275	2680	0.5
1275	2685	0.5
1275	3438	0.5
1275	3450	0.5
1276	3403	0.5
1276	3791	0.5
1276	5230	0.5
1276	6555	0.5
1277	2061	0.5
1277	2203	0.5
1277	2282	0.5
1277	2289	0.5
1277	2452	0.5
1278	2184	0.5
1278	2484	0.5
1278	2799	0.5
1278	4641	0.5
1278	4830	0.5
1279	2211	0.5
1279	2223	0.5
1279	2421	0.5
1280	2406	0.5
1280	2494	0.5
1280	2530	0.5
1280	3178	0.5
1280	7186	0.5
1281	2325	0.5
1281	2483	0.5
1281	3368	0.5
1281	13355	0.5
1281	8124	0.5
1282	2201	0.5
1282	2441	0.5
1282	2533	0.5
1282	2849	0.5
1282	10504	0.5
1283	2149	0.5
1283	2593	0.5
1284	2540	0.50000006
1284	2050	0.5
1284	2487	0.5
1284	2534	0.5
1284	8071	0.5
1285	2289	0.5
1285	2312	0.5
1285	2338	0.5
1285	2470	0.5
1285	2475	0.49999908
1286	2193	0.5
1286	3036	0.5
1286	3142	0.5
1286	3532	0.5
1287	3100	0.5
1287	4068	0.5
1287	5037	0.5
1288	3235	0.5
1289	3289	0.5
1289	3700	0.5
1290	2190	0.5
1290	2806	0.5
1290	3272	0.5
1290	3397	0.5
1290	4841	0.5
1291	2083	0.5
1291	2319	0.5
1291	3237	0.5
1292	2703	0.5
1292	2973	0.5
1292	7188	0.5
1292	8171	0.5
1293	2782	0.5
1293	3455	0.5
1294	2066	0.5
1295	2061	0.5
1295	2202	0.5
1295	2251	0.5
1295	5229	0.5
1295	5915	0.5
1296	2282	0.5
1296	2285	0.5
1296	2295	0.5
1296	2304	0.5
1296	2520	0.5
1297	4004	0.5000002
1297	2283	0.5
1297	2296	0.5
1297	2303	0.5
1298	2371	0.5
1298	2462	0.5
1298	3023	0.5
1298	6983	0.5
1299	2360	0.5
1299	2416	0.5
1299	2433	0.5
1299	2699	0.5
1299	2708	0.5
1300	2227	0.5
1300	3663	0.5
1300	2146	0.49999997
1302	2201	0.5
1302	2397	0.5
1302	3403	0.5
1302	4119	0.5
1303	2814	0.5
1303	4830	0.5
1303	7508	0.5
1303	7841	0.5
1304	2700	0.5
1304	2722	0.5
1304	2942	0.5
1304	3235	0.5
1304	3794	0.5
1305	8458	0.5
1305	2327	0.5
1305	2501	0.5
1305	2534	0.5
1305	4526	0.5
1306	2151	0.5
1306	2343	0.5
1306	2387	0.5
1306	3444	0.5
1306	3547	0.5
1307	2748	0.5
1307	6351	0.5
1308	2449	0.50000024
1308	2285	0.5
1308	2289	0.5
1308	2327	0.5
1308	2338	0.5
1309	2469	0.5
1309	2724	0.5
1310	10668	0.5
1310	2761	0.5
1310	3182	0.5
1310	4065	0.5
1310	5037	0.5
1311	2289	0.5
1311	2301	0.5
1311	2336	0.5
1311	2394	0.5
1311	2957	0.5
1312	2184	0.5
1312	2307	0.5
1312	2683	0.5
1312	3082	0.5
1312	7833	0.5
1313	2290	0.5
1313	6471	0.5
1314	2069	0.5
1314	2089	0.5
1314	3404	0.5
1314	3807	0.5
1314	4454	0.5
1315	8551	0.5
1315	2083	0.5
1315	2673	0.5
1315	3450	0.49999997
1315	7681	0.49999988
1317	2283	0.5
1317	2285	0.5
1317	2289	0.5
1317	2308	0.5
1317	2469	0.5
1318	2282	0.5
1318	2295	0.5
1318	2300	0.5
1318	2314	0.5
1318	2327	0.5
1319	2191	0.5
1319	2598	0.5
1319	2701	0.5
1319	3066	0.5
1319	3141	0.5
1320	2784	0.50000566
1320	9031	0.5
1320	2950	0.5
1321	2061	0.5
1321	2083	0.5
1321	2250	0.5
1321	2289	0.5
1321	2430	0.5
1322	3926	0.5
1322	6621	0.5
1323	2155	0.5
1323	3777	0.5
1324	5783	0.5
1325	2286	0.5
1325	2292	0.5
1325	2450	0.5
1325	2894	0.5
1325	2899	0.5
1326	2487	0.5
1327	2494	0.5
1327	2681	0.5
1327	2973	0.5
1327	3035	0.5
1327	3391	0.5
1328	2050	0.5
1328	2191	0.5
1328	2412	0.5
1328	2703	0.5
1328	5620	0.5
1329	2282	0.5
1329	2793	0.5
1329	3845	0.5
1331	2458	0.5
1332	2064	0.5
1332	2177	0.5
1332	2244	0.5
1332	11532	0.5
1332	4656	0.5
1333	2151	0.5
1333	2279	0.5
1333	2300	0.5
1333	2324	0.5
1333	5279	0.5
1334	2538	0.5
1334	2681	0.5
1336	2284	0.5
1336	2327	0.5
1336	2675	0.5
1336	2680	0.5
1336	3449	0.5
1337	2406	0.5
1337	2483	0.5
1337	2745	0.5
1337	2796	0.5
1337	2822	0.5
1338	2318	0.5
1338	3381	0.5
1338	15999	0.5
1340	2066	0.5
1340	2224	0.5
1340	3035	0.5
1340	3105	0.5
1340	3664	0.5
1341	9108	0.5
1341	2831	0.5
1341	2973	0.5
1341	3538	0.5
1341	5023	0.5
1342	2083	0.5
1342	2612	0.5
1343	2224	0.5
1343	2371	0.5
1343	2423	0.5
1343	2426	0.5
1343	2593	0.5
1344	2182	0.5
1344	2938	0.5
1345	2320	0.5
1347	2222	0.5
1347	2683	0.5
1347	4682	0.5
1347	5256	0.5
1347	2519	0.4999998
1348	2300	0.5
1348	2356	0.5
1348	2460	0.5
1350	2203	0.5
1350	2221	0.5
1350	2223	0.5
1350	2966	0.5
1351	3204	0.5
1351	7923	0.5
1352	2992	0.5
1352	3704	0.5
1352	4121	0.5
1353	3103	0.5
1354	2612	0.5
1354	2862	0.5
1354	3004	0.5
1356	2066	0.5
1356	3459	0.5
1356	8025	0.5
1357	2796	0.5
1357	3543	0.5
1357	5645	0.5
1357	5927	0.5
1357	6014	0.5
1358	10037	0.5
1358	2078	0.5
1358	2153	0.5
1359	2960	0.50000036
1359	2082	0.5
1359	5719	0.5
1359	6957	0.5
1360	5180	0.5
1361	2950	0.5
1362	2184	0.5
1362	2593	0.5
1362	4383	0.5
1362	5089	0.5
1364	2050	0.5
1364	3081	0.5
1364	3405	0.5
1365	2201	0.5
1365	2228	0.5
1366	2083	0.5
1366	3028	0.5
1366	4377	0.5
1367	5263	0.5
1367	3504	0.49999937
1368	2052	0.5
1368	2187	0.5
1368	2891	0.5
1369	2289	0.5
1369	2291	0.5
1369	4919	0.5
1370	2061	0.5
1370	2149	0.5
1370	2283	0.5
1371	2288	0.5
1371	2323	0.5
1372	2216	0.5
1372	2603	0.5
1372	2976	0.5
1372	4613	0.5
1373	3461	0.5000006
1373	2681	0.5
1373	2698	0.5
1373	2957	0.5
1373	3036	0.5
1374	2167	0.5
1374	2412	0.5
1374	2527	0.5
1374	2714	0.5
1374	3805	0.5
1375	2282	0.5
1375	2289	0.5
1375	2294	0.5
1375	2315	0.5
1375	2464	0.5
1376	2221	0.5
1376	3368	0.5
1376	3391	0.5
1376	3403	0.5
1377	2035	0.5
1377	2748	0.5
1377	11252	0.5
1377	4608	0.49999973
1378	2083	0.5
1378	2320	0.5
1378	2351	0.5
1378	2680	0.5
1378	2788	0.5
1379	5851	0.5000001
1379	4594	0.5
1380	2155	0.5
1380	2308	0.5
1380	3234	0.5
1380	3442	0.5
1380	3443	0.5
1381	9172	0.5
1381	2170	0.5
1381	2187	0.5
1381	3197	0.5
1381	3536	0.49999967
1383	2519	0.5
1383	3043	0.5
1383	3571	0.5
1384	2251	0.5
1384	3919	0.5
1385	2239	0.5
1385	2759	0.5
1385	11482	0.5
1385	5374	0.5
1386	2318	0.5
1386	2406	0.5
1386	2424	0.5
1386	2465	0.5
1386	2492	0.5
1387	2511	0.5
1387	2700	0.5
1387	2815	0.5
1387	3248	0.5
1387	3330	0.5
1388	2083	0.5
1388	2406	0.5
1388	2458	0.5
1388	3038	0.5
1388	3766	0.5
1389	2166	0.5
1389	2184	0.5
1389	2200	0.5
1389	2842	0.5
1389	2946	0.5
1390	2221	0.5
1390	2980	0.5
1390	3231	0.5
1390	5438	0.5
1390	4513	0.4999989
1392	2052	0.5
1392	2526	0.5
1392	6622	0.5
1393	2598	0.5
1393	5265	0.5
1393	5444	0.5
1394	2168	0.5
1394	2919	0.5
1395	2481	0.5000001
1395	2177	0.5
1395	2240	0.5
1395	2518	0.5
1395	2674	0.5
1396	2059	0.5
1396	2221	0.5
1396	2419	0.5
1396	2444	0.5
1396	2708	0.5
1397	2061	0.5
1397	2148	0.5
1397	2423	0.5
1397	2541	0.5
1397	2894	0.5
1398	2371	0.5
1398	4586	0.5
1398	7841	0.5
1399	2165	0.5
1399	3511	0.5
1399	4507	0.5
1399	5180	0.5
1399	5363	0.5
1400	2153	0.5000003
1400	3877	0.50000006
1400	2031	0.5
1400	2869	0.5
1400	3090	0.5
1401	2478	0.5
1402	2034	0.5
1402	2532	0.5
1402	3291	0.5
1402	5566	0.5
1403	2201	0.5
1403	4835	0.5
1404	2273	0.5
1404	2288	0.5
1404	2296	0.5
1404	2305	0.5
1404	2322	0.5
1405	2182	0.50000006
1405	2364	0.5
1405	2430	0.5
1405	2954	0.5
1405	4604	0.5
1406	3826	0.50000006
1406	10309	0.5
1406	2597	0.5
1407	2071	0.5
1407	2165	0.5
1407	2282	0.5
1408	2223	0.5
1408	2323	0.5
1408	2371	0.5
1408	2452	0.5
1409	2250	0.5
1409	2289	0.5
1409	2719	0.5
1409	2894	0.5
1409	5667	0.5
1410	9172	0.5
1410	2224	0.5
1410	2228	0.5
1410	2371	0.5
1411	9663	0.5
1411	10179	0.5
1411	3431	0.5
1411	4425	0.5
1412	2294	0.5
1412	2322	0.5
1412	2338	0.5
1412	2680	0.5
1413	2211	0.5000007
1413	2223	0.5
1413	2230	0.5
1413	2292	0.5
1413	2415	0.5
1414	2220	0.5
1414	2703	0.5
1414	2960	0.5
1414	3381	0.5
1414	3961	0.5
1415	2484	0.5
1415	3965	0.5
1415	7720	0.5
1416	2224	0.5
1416	2300	0.5
1416	2464	0.5
1416	3023	0.5
1416	3466	0.5
1417	2157	0.5
1417	2292	0.5
1417	3374	0.5
1418	8401	0.5
1418	2061	0.5
1418	2327	0.5
1418	2897	0.5
1418	4506	0.5
1419	2419	0.5
1420	2211	0.5000007
1420	2441	0.5
1420	2859	0.5
1420	2204	0.49999985
1421	2148	0.5
1421	4512	0.5
1422	2880	0.5
1423	2324	0.5
1423	2449	0.5
1423	2906	0.5
1423	6960	0.5
1424	2286	0.5
1424	2302	0.5
1424	2906	0.5
1425	2541	0.5
1425	2729	0.5
1425	3100	0.5
1425	3508	0.5
1425	5180	0.5
1426	2304	0.5
1426	2343	0.5
1426	2455	0.5
1426	2902	0.5
1427	4640	0.5
1428	2492	0.5
1428	3230	0.5
1428	5185	0.5
1428	6711	0.5
1429	2229	0.5
1429	3230	0.5
1429	3409	0.5
1429	5037	0.5
1430	2228	0.5
1430	2475	0.5
1430	2530	0.5
1430	6112	0.5
1430	6178	0.5
1431	2045	0.5
1431	2936	0.5
1431	5692	0.5
1432	3363	0.5
1432	5201	0.5
1433	2061	0.5
1433	2176	0.5
1433	3386	0.5
1433	4621	0.5
1433	5464	0.5
1434	9546	0.5
1434	3450	0.5
1434	5433	0.5
1434	5538	0.5
1434	6449	0.5
1436	2058	0.5
1436	2061	0.5
1436	2286	0.5
1436	2311	0.5
1436	2343	0.5
1437	2282	0.5
1437	2530	0.5
1437	6610	0.5
1438	2223	0.5
1438	2505	0.5
1438	3239	0.5
1438	3240	0.5
1438	3959	0.5
1439	2151	0.5
1439	2279	0.5
1439	2476	0.5
1440	2181	0.5
1440	2201	0.5
1440	2211	0.5
1440	2727	0.5
1440	3109	0.5
1441	2153	0.5
1442	9752	0.5
1442	2729	0.5
1442	3405	0.5
1442	4112	0.5
1442	4336	0.5
1443	2050	0.5
1443	2153	0.5
1443	3630	0.5
1443	5271	0.5
1444	2804	0.5
1444	7995	0.5
1445	2326	0.5
1445	2327	0.5
1445	3442	0.5
1446	2014	0.5
1446	5395	0.5
1446	5401	0.5
1448	2023	0.5
1448	2170	0.5
1448	2183	0.5
1448	2797	0.5
1448	5960	0.5
1449	6891	0.5000014
1449	2049	0.5
1449	2155	0.5
1449	2193	0.5
1449	2460	0.5
1450	2319	0.5
1450	2673	0.5
1450	4781	0.5
1451	2320	0.5
1451	2492	0.5
1451	2517	0.5
1451	3419	0.5
1451	3571	0.5
1452	2971	0.5000001
1452	2222	0.5
1452	2683	0.5
1452	4506	0.5
1452	5665	0.5
1454	10061	0.5
1454	3854	0.5
1454	13397	0.5
1455	2151	0.5
1455	2718	0.5
1455	3081	0.5
1455	3778	0.5
1455	5438	0.5
1456	2228	0.5
1456	2528	0.5
1456	2556	0.5
1456	2729	0.5
1456	3959	0.5
1457	4205	0.50000006
1457	2049	0.5
1457	2259	0.5
1457	2281	0.5
1457	2334	0.5
1458	2151	0.5
1459	3103	0.5
1459	7788	0.5
1460	2146	0.5
1460	2221	0.5
1460	2372	0.5
1461	6124	0.5000002
1463	2854	0.5
1463	3879	0.5
1463	5421	0.5
1463	5702	0.5
1464	2184	0.5
1464	3107	0.5
1465	2225	0.5
1465	2849	0.5
1465	12439	0.5
1466	9468	0.5
1466	5890	0.5
1467	2157	0.5
1467	2954	0.5
1467	6624	0.5
1468	2950	0.5
1469	2294	0.5
1469	2311	0.5
1469	2327	0.5
1470	2954	0.5
1470	3784	0.5
1471	3501	0.50000006
1472	2302	0.5
1472	2321	0.5
1472	2525	0.5
1472	4525	0.5
1472	4528	0.5
1473	8244	0.5
1473	2061	0.5
1473	2083	0.5
1473	2289	0.5
1473	3758	0.5
1475	2066	0.5
1475	2157	0.5
1475	2180	0.5
1475	2480	0.5
1475	2608	0.5
1476	2322	0.5
1476	3033	0.5
1476	3447	0.5
1477	5567	0.5000006
1477	2417	0.5
1477	2427	0.5
1477	2434	0.5
1477	2953	0.5
1478	2097	0.5
1478	2626	0.5
1478	6187	0.5
1478	8034	0.5
1479	2726	0.5
1479	2908	0.5
1479	3234	0.5
1479	3349	0.5
1479	6046	0.5
1480	2729	0.5
1480	2973	0.5
1480	3349	0.5
1480	5201	0.5
1481	2977	0.5
1482	2069	0.5
1483	2045	0.5
1483	2061	0.5
1483	2412	0.5
1483	4056	0.5
1483	5050	0.5
1484	2090	0.5
1484	2896	0.5
1484	2921	0.5
1484	3070	0.5
1484	3406	0.5
1485	2091	0.5
1485	3763	0.5
1485	3956	0.5
1485	6168	0.5
1486	2286	0.5
1486	2338	0.5
1486	2371	0.5
1486	2695	0.5
1487	2149	0.5
1487	2283	0.5
1487	2294	0.5
1487	2460	0.5
1487	3235	0.5
1488	2285	0.5
1488	2294	0.5
1488	2320	0.5
1488	2482	0.5
1488	2493	0.5
1489	2435	0.5
1489	3942	0.5
1489	5033	0.5
1489	7660	0.5
1490	2449	0.50000006
1490	2286	0.5
1490	2451	0.5
1490	2483	0.5
1490	2942	0.5
1491	2071	0.50000006
1491	8385	0.5
1491	2593	0.5
1491	2683	0.5
1491	3005	0.5
1492	2609	0.5
1493	2148	0.5
1493	2180	0.5
1493	4814	0.5
1493	5368	0.5
1494	2167	0.5
1494	2748	0.5
1494	3197	0.5
1494	3663	0.5
1494	3081	0.49999997
1495	2505	0.5
1496	2327	0.5
1496	2748	0.5
1496	2781	0.5
1496	12743	0.5
1496	6207	0.5
1497	2322	0.5
1497	4381	0.5
1498	2729	0.5
1498	2873	0.5
1498	2952	0.5
1498	3964	0.5
1498	4328	0.5
1499	3237	0.5
1499	3493	0.5
1500	8244	0.5
1500	11664	0.5
1501	2259	0.5
1501	2315	0.5
1501	2695	0.5
1501	3921	0.5
1502	2687	0.5
1502	3846	0.5
1502	6093	0.5
1503	3441	0.5
1503	5520	0.5
1504	5282	0.5
1505	2148	0.5
1505	2963	0.5
1505	6213	0.5
1505	6515	0.5
1506	2065	0.5
1506	2498	0.5
1506	2500	0.5
1506	2928	0.5
1507	2402	0.5
1507	2482	0.5
1507	3865	0.5
1507	4337	0.5
1508	2556	0.5
1508	3805	0.5
1508	7053	0.5
1509	2209	0.5
1509	2232	0.5
1509	2422	0.5
1509	3495	0.5
1509	5975	0.5
1510	2082	0.5
1510	2192	0.5
1511	3034	0.5
1512	2435	0.5
1512	2746	0.5
1512	2955	0.5
1512	5200	0.5
1513	2211	0.5
1513	2490	0.5
1513	5425	0.5
1513	6523	0.5
1514	2294	0.5
1514	2517	0.5
1514	2673	0.5
1514	4964	0.5
1514	7624	0.5
1515	2498	0.5
1515	11403	0.5
1515	5067	0.49999997
1516	2153	0.5
1516	2221	0.5
1517	3036	0.5
1517	3174	0.5
1517	3192	0.5
1517	4819	0.5
1517	6093	0.5
1518	8458	0.5
1518	2327	0.5
1519	2283	0.5
1520	2083	0.5
1520	2148	0.5
1520	2310	0.5
1520	3095	0.5
1521	2221	0.5
1521	2223	0.5
1521	2336	0.5
1521	2371	0.5
1521	2432	0.5
1522	2522	0.50000066
1522	2433	0.5
1522	3604	0.5
1523	2356	0.5
1523	2683	0.5
1523	3968	0.5
1523	3975	0.5
1523	4968	0.5
1524	2053	0.5
1525	3772	0.5
1526	3064	0.5
1526	3385	0.5
1526	3389	0.5
1526	5953	0.5
1527	3072	0.5
1528	6266	0.50000393
1528	2083	0.5
1528	2286	0.5
1528	2371	0.5
1528	2372	0.5
1529	3961	0.5
1529	5280	0.5
1530	2423	0.5
1530	10504	0.5
1530	5006	0.5
1530	5363	0.5
1531	4767	0.5
1531	5698	0.5
1533	2283	0.5
1533	2539	0.5
1533	3043	0.5
1533	2151	0.49999997
1534	2148	0.5000002
1534	13102	0.5
1534	6282	0.5
1535	10260	0.5
1535	2216	0.5
1535	2430	0.5
1535	5566	0.5
1535	5678	0.5
1536	2722	0.5
1536	3360	0.5
1536	4327	0.5
1536	4814	0.5
1536	4835	0.5
1537	2726	0.5
1538	3664	0.500007
1538	2251	0.5
1538	2473	0.5
1538	3240	0.5
1539	3511	0.5
1539	4116	0.5
1539	7301	0.5
1540	2050	0.5
1540	3297	0.5
1541	2228	0.5
1541	6167	0.5
1541	7719	0.5
1542	2197	0.5
1542	2609	0.5
1542	2614	0.5
1542	3879	0.5
1542	4517	0.5
1543	2729	0.5000003
1543	2157	0.5
1543	2727	0.5
1543	3235	0.5
1544	2977	0.5
1546	2170	0.5
1546	2220	0.5
1546	2845	0.5
1546	2847	0.5
1546	3122	0.5
1547	2049	0.5
1547	2289	0.5
1547	2708	0.5
1547	3415	0.5
1548	2540	0.50000006
1548	2061	0.5
1548	2327	0.5
1548	2459	0.5
1548	2462	0.5
1549	9581	0.5
1549	2593	0.5
1550	11352	0.5
1550	12380	0.5
1550	7134	0.5
1551	2850	0.5
1551	11224	0.5
1551	3415	0.5
1551	4522	0.5
1553	2294	0.5
1553	2326	0.5
1553	2963	0.5
1553	7492	0.5
1555	2419	0.5
1555	4581	0.5
1555	5464	0.5
1556	2260	0.5
1556	2294	0.5
1556	2458	0.5
1556	2683	0.5
1557	2279	0.5
1557	2453	0.5
1557	2460	0.5
1557	3028	0.5
1557	2321	0.49999997
1558	2201	0.5
1558	3081	0.5
1558	6920	0.5
1559	2435	0.5
1559	3204	0.5
1560	2220	0.5
1560	2435	0.5
1560	3369	0.5
1560	4591	0.5
1561	2006	0.5
1561	3032	0.5
1561	3095	0.5
1561	3186	0.5
1563	8971	0.5
1564	2799	0.5
1564	3351	0.5
1564	3107	0.49999878
1565	2315	0.5
1565	2455	0.5
1565	2501	0.5
1565	2903	0.5
1566	2083	0.5
1566	2155	0.5
1566	3072	0.5
1566	3447	0.5
1566	7135	0.5
1567	6742	0.5
1568	3387	0.5000003
1568	2201	0.5
1568	2272	0.5
1568	14412	0.5
1569	3391	0.5
1569	5180	0.5
1570	2083	0.5
1570	2221	0.5
1570	2518	0.5
1570	2640	0.5
1570	5180	0.5
1571	3035	0.5
1571	3171	0.5
1571	3176	0.5
1571	3542	0.5
1571	4598	0.5
1573	8761	0.5
1573	10081	0.5
1573	4036	0.5
1573	6082	0.5
1573	7424	0.5
1574	2960	0.5
1574	4454	0.5
1574	4586	0.5
1574	6360	0.5
1575	2729	0.5000003
1575	2595	0.5
1575	2609	0.5
1575	2735	0.5
1576	2371	0.5
1576	5825	0.5
1578	2148	0.5
1578	2156	0.5
1578	2439	0.5
1578	3125	0.5
1578	12164	0.5
1579	8785	0.5
1579	9172	0.5
1579	2066	0.5
1579	2148	0.5
1579	10388	0.5
1580	2286	0.5
1580	2322	0.5
1580	3023	0.5
1581	4297	0.5000004
1581	2151	0.5
1581	3265	0.5
1581	6576	0.5
1582	3955	0.5
1582	5951	0.5
1583	2312	0.5
1583	2399	0.5
1585	2483	0.50000006
1585	4237	0.5
1585	3844	0.49999997
1586	2079	0.5
1586	3170	0.5
1586	3959	0.5
1587	2505	0.5
1588	2522	0.50000066
1588	2155	0.5
1588	2178	0.5
1588	2282	0.5
1588	2289	0.5
1589	2148	0.5
1589	2200	0.5
1589	2325	0.5
1589	2598	0.5
1589	3709	0.5
1590	2282	0.5
1590	2469	0.5
1590	3366	0.5
1590	4227	0.5
1590	5010	0.5
1591	2455	0.5
1591	3095	0.5
1591	4079	0.5
1592	2283	0.5
1592	10388	0.5
1592	3443	0.5
1593	2406	0.5
1593	2522	0.5
1593	5180	0.5
1593	3805	0.4999999
1594	2599	0.5
1595	2151	0.5
1595	2325	0.5
1595	3675	0.5
1596	2228	0.5
1596	11352	0.5
1596	5633	0.5
1597	2532	0.5
1598	2203	0.5
1598	3641	0.5
1599	2498	0.5
1599	3663	0.5
1599	3903	0.5
1599	4328	0.5
1600	2283	0.5
1600	2371	0.5
1600	2492	0.5
1600	2781	0.5
1600	3038	0.5
1601	3066	0.5
1601	3477	0.5
1602	9035	0.5
1602	2059	0.5
1602	2214	0.5
1603	3134	0.5
1603	3197	0.5
1604	2537	0.5
1604	2675	0.5
1604	2680	0.5
1605	2214	0.5
1605	2729	0.5
1605	2950	0.5
1605	3235	0.5
1606	5465	0.5
1606	5915	0.5
1607	2153	0.5
1607	2222	0.5
1607	2360	0.5
1607	2447	0.5
1607	2699	0.5
1608	2318	0.5
1609	2063	0.5
1609	2842	0.5
1609	13213	0.5
1610	8624	0.5
1610	3380	0.5
1610	10473	0.5
1610	4053	0.5
1610	4919	0.5
1611	2167	0.5
1611	2435	0.5
1611	3193	0.5
1611	6032	0.5
1612	2289	0.5
1612	2312	0.5
1612	2327	0.5
1612	2680	0.5
1612	3036	0.5
1614	2419	0.5
1614	2849	0.5
1614	2976	0.5
1614	2980	0.5
1614	3919	0.49999997
1615	2279	0.5
1615	2326	0.5
1615	2528	0.5
1615	3043	0.5
1616	2593	0.5
1616	5433	0.5
1617	2232	0.5
1617	3066	0.5
1617	4207	0.5
1617	4899	0.5
1617	7000	0.5
1618	5338	0.5
1619	2259	0.5
1619	2283	0.5
1619	2286	0.5
1619	2452	0.5
1620	2083	0.5
1620	2300	0.5
1620	2475	0.5
1620	3097	0.5
1620	3237	0.5
1621	2176	0.5
1621	2220	0.5
1621	2435	0.5
1621	2677	0.5
1621	2697	0.5
1622	2047	0.5
1622	3495	0.5
1623	2083	0.5
1623	2151	0.5
1623	2245	0.5
1623	2289	0.5
1623	2294	0.5
1624	3066	0.5
1626	8458	0.5
1626	2059	0.5
1626	5304	0.5
1626	5423	0.5
1627	2789	0.5
1627	5157	0.5
1628	2203	0.5
1628	2488	0.5
1628	2702	0.5
1628	3766	0.5
1628	4065	0.5
1629	2216	0.5
1629	3405	0.5
1630	2448	0.5
1630	2612	0.5
1630	3738	0.5
1630	4011	0.5
1630	5374	0.5
1631	8614	0.5
1631	9507	0.5
1632	2061	0.5
1632	2083	0.5
1632	2283	0.5
1632	2286	0.5
1632	2371	0.5
1633	2483	0.50000006
1633	2223	0.5
1633	3641	0.5
1633	6134	0.5
1633	7881	0.5
1634	2294	0.5
1634	2695	0.5
1635	2256	0.5
1635	2328	0.5
1635	2894	0.5
1636	2283	0.5
1636	2292	0.5
1636	2317	0.5
1636	2517	0.5
1636	2526	0.5
1637	2059	0.5
1637	2148	0.5
1637	2973	0.5
1637	3089	0.5
1637	3504	0.5
1638	2148	0.5
1638	2264	0.5
1638	2609	0.5
1638	3375	0.5
1638	4612	0.5
1639	2504	0.5
1639	2677	0.5
1639	3090	0.5
1639	4118	0.5
1640	2145	0.5
1640	3081	0.5
1640	3089	0.5
1640	4504	0.5
1641	2149	0.5
1641	2181	0.5
1641	2187	0.5
1641	2223	0.5
1641	7863	0.5
1642	2449	0.50000006
1642	2241	0.5
1643	2282	0.5
1643	2296	0.5
1643	2338	0.5
1643	2460	0.5
1643	2469	0.5
1644	2061	0.5
1644	2294	0.5
1644	2312	0.5
1644	2319	0.5
1644	2452	0.5
1645	5418	0.5
1645	6134	0.5
1646	8392	0.5
1646	2176	0.5
1646	2296	0.5
1646	4410	0.5
1647	2148	0.5
1647	3405	0.5
1647	3511	0.5
1647	4879	0.5
1647	5221	0.5
1648	2372	0.5
1648	2460	0.5
1648	2469	0.5
1648	2492	0.5
1648	3177	0.5
1649	2492	0.5000039
1649	2223	0.5
1649	2419	0.5
1649	2480	0.5
1649	2674	0.5
1650	2009	0.5
1650	2017	0.5
1650	3213	0.5
1650	3244	0.5
1650	3290	0.5
1651	2283	0.5
1651	2323	0.5
1651	2460	0.5
1652	2287	0.5
1652	2292	0.5
1652	2294	0.5
1652	2452	0.5
1652	4010	0.5
1653	2176	0.5
1653	2310	0.5
1653	2608	0.5
1653	3366	0.5
1653	3503	0.5
1654	2201	0.5
1654	2219	0.5
1654	3080	0.5
1654	3504	0.5
1654	3039	0.4999937
1655	2167	0.5
1655	2197	0.5
1655	2418	0.5
1656	2155	0.5
1656	2283	0.5
1656	2289	0.5
1656	6168	0.5
1657	2315	0.5
1657	3581	0.5
1658	2232	0.5
1658	3704	0.5
1658	3824	0.5
1658	5026	0.5
1659	9042	0.5
1659	2082	0.5
1659	3189	0.5
1659	5186	0.5
1660	2211	0.5000007
1660	2223	0.5
1660	2882	0.5
1660	2952	0.5
1660	4262	0.5
1661	2872	0.5
1662	2059	0.5
1662	2221	0.5
1662	4016	0.5
1662	5077	0.5
1663	2014	0.5
1663	2509	0.5
1663	5395	0.5
1664	2531	0.50000006
1664	4327	0.5
1664	4351	0.5
1664	6022	0.5
1665	2423	0.5
1665	2880	0.5
1665	2952	0.5
1665	3080	0.5
1665	3230	0.5
1666	2146	0.5
1666	2323	0.5
1666	2950	0.5
1666	3090	0.5
1666	3403	0.5
1667	3233	0.5
1667	3234	0.5
1669	2201	0.5
1670	2161	0.5
1670	2279	0.5
1670	2312	0.5
1670	2317	0.5
1670	2906	0.5
1671	2282	0.50000066
1671	2469	0.5
1671	2793	0.5
1671	4781	0.5
1671	5367	0.5
1673	2083	0.5
1673	2211	0.5
1675	2184	0.5
1675	2204	0.5
1675	2534	0.5
1675	2614	0.5
1675	4594	0.5
1676	2283	0.5
1676	2372	0.5
1676	2904	0.5
1676	4007	0.5
1676	7410	0.5
1677	8691	0.5
1677	2211	0.5
1677	2224	0.5
1677	12276	0.5
1677	5304	0.5
1678	2494	0.5
1678	2726	0.5
1678	3333	0.5
1678	5433	0.5
1679	3037	0.5
1680	2832	0.5
1680	2834	0.5
1680	2908	0.5
1680	3351	0.5
1680	3512	0.5
1681	4456	0.5
1681	5729	0.5
1682	10694	0.5
1683	2250	0.5
1683	2285	0.5
1683	2289	0.5
1683	2319	0.5
1683	2338	0.5
1684	2156	0.5
1684	2574	0.5
1685	2006	0.5
1685	3959	0.5
1686	2186	0.5
1686	2484	0.5
1686	2490	0.5
1686	2851	0.5
1687	4715	0.5
1688	2966	0.5
1688	3349	0.5
1689	2529	0.50000066
1689	2066	0.5
1689	2220	0.5
1689	2572	0.5
1689	3817	0.5
1690	9968	0.5
1690	2233	0.5
1690	2282	0.5
1690	2327	0.5
1690	3571	0.5
1691	2224	0.5
1691	6207	0.5
1692	2049	0.5
1692	2314	0.5
1692	2372	0.5
1692	2485	0.5
1693	2261	0.5
1694	3845	0.5
1695	2050	0.5
1695	2371	0.5
1695	3182	0.5
1695	4414	0.5
1695	4751	0.5
1696	2184	0.5
1696	2232	0.5
1696	2441	0.5
1696	2506	0.5
1697	2203	0.5
1697	2460	0.5
1698	2061	0.5
1698	2065	0.5
1698	2247	0.5
1698	2304	0.5
1698	2505	0.5
1700	2865	0.5
1700	3495	0.5
1700	4596	0.5
1700	5243	0.5
1701	2047	0.5
1701	2412	0.5
1701	3708	0.5
1701	6884	0.5
1703	2527	0.5
1703	4571	0.5
1704	2206	0.5
1704	2221	0.5
1704	5433	0.5
1704	6444	0.5
1706	2735	0.5
1706	4143	0.5
1706	4651	0.5
1706	6232	0.5
1706	6742	0.5
1707	10620	0.5
1707	2441	0.5
1707	3680	0.5
1707	4594	0.5
1707	4763	0.5
1709	2286	0.5
1709	2289	0.5
1709	2325	0.5
1709	2455	0.5
1709	2899	0.5
1710	2083	0.5
1710	2279	0.5
1710	2300	0.5
1710	2311	0.5
1710	2532	0.5
1711	2148	0.5
1711	2955	0.5
1711	2968	0.5
1711	3186	0.5
1711	6035	0.5
1712	2485	0.5
1712	6046	0.5
1713	2259	0.5
1713	2286	0.5
1713	2793	0.5
1713	4377	0.5
1714	2083	0.5
1714	2200	0.5
1714	2289	0.5
1714	3089	0.5
1715	2052	0.5
1715	2079	0.5
1716	2083	0.5
1716	2294	0.5
1716	11352	0.5
1716	4073	0.5
1717	2892	0.5
1717	4079	0.5
1717	5181	0.5
1718	3709	0.5
1718	5429	0.5
1719	2609	0.5
1719	4392	0.5
1720	2224	0.5
1720	2277	0.5
1720	2416	0.5
1720	3237	0.5
1720	4507	0.5
1722	2295	0.5
1722	2323	0.5
1722	4331	0.5
1722	5672	0.5
1723	2221	0.5
1723	2310	0.5
1723	2449	0.5
1723	2505	0.5
1723	2524	0.5
1724	2417	0.5
1724	2419	0.5
1724	10475	0.5
1724	3956	0.5
1725	2609	0.5
1725	2697	0.5
1725	3660	0.5
1725	10504	0.5
1725	10507	0.5
1727	2191	0.5
1727	2221	0.5
1727	2244	0.5
1727	2722	0.5
1728	8548	0.5
1728	2049	0.5
1728	2083	0.5
1728	2529	0.5
1728	6364	0.5
1729	2251	0.5
1730	9113	0.5
1730	2219	0.5
1730	2709	0.5
1730	4610	0.5
1731	3081	0.5
1731	4507	0.5
1732	2050	0.5
1732	2222	0.5
1732	2505	0.5
1732	2950	0.5
1733	2674	0.5
1733	2675	0.5
1733	2687	0.5
1733	4920	0.5
1734	4918	0.50000006
1734	2167	0.5
1734	2612	0.5
1735	8484	0.5
1735	2006	0.5
1735	2511	0.5
1735	2608	0.5
1735	6522	0.5
1736	2023	0.5
1736	2353	0.5
1736	2372	0.5
1736	2492	0.5
1737	2327	0.5
1737	2770	0.5
1737	3179	0.5
1737	3854	0.5
1738	2232	0.5
1738	2877	0.5
1738	3076	0.5
1738	3968	0.5
1739	3158	0.5
1739	5993	0.5
1740	3334	0.5000004
1740	2083	0.5
1740	3696	0.5
1740	3881	0.5
1740	5444	0.5
1741	8603	0.5
1741	3911	0.5
1742	2597	0.5
1742	10927	0.5
1742	3033	0.5
1742	3233	0.5
1742	4005	0.49999997
1743	2050	0.5
1743	2712	0.5
1743	2850	0.5
1743	2870	0.5
1743	12109	0.5
1744	3848	0.5
1744	5287	0.5
1745	9481	0.5
1745	2183	0.5
1745	3191	0.5
1746	3752	0.50000006
1746	2201	0.5
1746	5354	0.5
1747	8392	0.5
1747	2556	0.5
1747	10954	0.5
1747	5783	0.5
1748	2413	0.5
1748	2428	0.5
1749	3482	0.5
1750	2464	0.5
1750	3036	0.5
1750	3663	0.5
1750	13681	0.5
1750	4106	0.4999996
1751	2052	0.5
1751	2070	0.5
1751	2595	0.5
1751	3795	0.5
1752	2608	0.5
1752	2954	0.5
1752	2013	0.4999999
1753	2946	0.5
1754	2222	0.5
1754	2701	0.5
1754	4522	0.5
1755	2963	0.5
1755	6176	0.5
1756	2201	0.5
1756	2221	0.5
1757	3109	0.5
1758	2406	0.5
1758	6115	0.5
1759	8582	0.5
1759	2418	0.5
1759	2444	0.5
1759	2709	0.5
1759	3746	0.5
1760	2284	0.5
1760	2289	0.5
1760	2292	0.5
1760	2295	0.5
1760	2296	0.5
1761	2428	0.5
1761	2600	0.5
1762	2151	0.5
1762	2181	0.5
1762	2963	0.5
1762	4089	0.5
1763	6178	0.50000316
1763	2261	0.5
1763	2712	0.5
1763	4820	0.5
1763	5533	0.5
1764	2161	0.5
1764	3088	0.5
1765	2296	0.50000185
1765	2319	0.5
1765	2894	0.5
1765	3028	0.5
1765	3038	0.5
1766	2185	0.5
1766	2283	0.5
1766	2541	0.5
1766	5280	0.5
1767	7907	0.5
1768	2284	0.5
1768	2290	0.5
1768	2317	0.5
1768	2460	0.5
1768	2784	0.5
1769	4124	0.5
1770	2308	0.5000004
1770	2256	0.5
1770	2295	0.5
1770	2300	0.5
1770	2314	0.5
1771	8259	0.5
1771	2310	0.5
1771	2360	0.5
1771	2683	0.5
1771	3039	0.5
1772	2220	0.5
1772	3351	0.5
1772	3363	0.5
1772	4575	0.5
1772	6258	0.5
1773	2261	0.5
1773	2521	0.5
1773	3627	0.5
1773	3931	0.5
1773	5280	0.5
1774	7515	0.5
1775	2955	0.5
1775	4648	0.5
1776	2174	0.5
1776	2289	0.5
1776	2295	0.5
1776	2327	0.5
1776	2992	0.5
1777	3121	0.50000006
1777	2050	0.5
1777	2227	0.5
1777	2369	0.5
1777	2390	0.5
1778	4596	0.5
1778	5477	0.5
1779	4297	0.5
1780	2746	0.5
1780	3089	0.5
1781	2726	0.5
1781	2832	0.5
1781	3240	0.5
1782	2052	0.5
1782	2061	0.5
1782	2304	0.5
1782	2469	0.5
1782	2691	0.5
1783	2310	0.5
1783	2612	0.5
1783	2677	0.5
1783	13340	0.5
1784	2471	0.5
1784	3369	0.5
1785	2800	0.5
1786	2314	0.5
1786	2460	0.5
1786	3033	0.5
1787	2492	0.5
1787	6087	0.5
1787	2807	0.49999914
1788	9857	0.5
1788	2221	0.5
1788	2933	0.5
1788	3349	0.5
1789	2167	0.5
1789	2842	0.5
1790	2232	0.5
1790	2680	0.5
1790	2793	0.5
1792	8756	0.5
1792	3928	0.5
1792	2611	0.4999983
1793	2845	0.5
1793	3631	0.5
1793	3700	0.5
1793	4522	0.5
1793	4797	0.5
1794	2190	0.5
1794	2609	0.5
1794	2952	0.5
1794	5705	0.5
1794	2616	0.49999866
1796	2435	0.5
1797	2065	0.5
1797	2412	0.5
1797	2495	0.5
1797	4793	0.5
1797	13018	0.5
1798	2372	0.5
1798	3919	0.5
1799	3381	0.50000006
1799	2214	0.5
1799	2221	0.5
1799	2410	0.5
1799	3630	0.5
1800	2223	0.5
1800	2423	0.5
1800	4820	0.5
1801	2151	0.5
1801	2433	0.5
1801	3035	0.5
1801	3999	0.5
1802	2288	0.50000006
1802	8479	0.5
1802	2282	0.5
1802	4016	0.5
1803	2160	0.5
1803	2527	0.5
1803	2770	0.5
1803	2940	0.5
1803	3110	0.5
1804	3066	0.5
1804	7353	0.5
1805	2286	0.5
1805	3095	0.5
1805	8120	0.5
1806	3402	0.5
1807	3824	0.5
1807	4651	0.5
1808	9179	0.5
1808	2469	0.5
1808	3114	0.5
1808	4458	0.5
1808	6711	0.5
1809	2006	0.5
1809	2050	0.5
1809	2223	0.5
1809	2698	0.5
1809	2848	0.5
1810	2593	0.5
1810	3391	0.5
1810	3400	0.5
1810	4581	0.5
1810	4594	0.5
1811	2059	0.5
1811	2082	0.5
1811	2193	0.5
1811	2222	0.5
1811	3397	0.5
1814	2989	0.5
1814	4918	0.5
1814	5227	0.5
1815	2934	0.5000014
1815	2908	0.5
1815	3403	0.5
1815	4157	0.5
1816	8785	0.5
1817	2066	0.5
1817	2894	0.5
1817	3387	0.5
1818	2091	0.5
1818	2298	0.5
1818	2673	0.5
1819	2059	0.5
1819	2677	0.5
1819	3759	0.5
1819	5058	0.5
1820	2327	0.5
1820	2960	0.5
1820	3381	0.5
1820	3805	0.5
1820	3963	0.5
1821	9604	0.5
1821	2304	0.5
1821	2319	0.5
1821	2322	0.5
1821	2327	0.5
1822	2480	0.5
1822	3438	0.5
1823	2059	0.5
1823	2327	0.5
1824	2430	0.5
1824	2505	0.5
1824	3081	0.5
1825	2045	0.5
1825	2061	0.5
1825	2066	0.5
1825	2505	0.5
1825	2511	0.5
1826	2294	0.5
1826	2455	0.5
1826	2460	0.5
1826	2542	0.5
1826	3029	0.5
1827	2747	0.5
1827	3950	0.5
1827	3968	0.5
1828	2414	0.5
1828	2416	0.5
1828	2878	0.5
1828	3389	0.5
1828	4581	0.5
1829	2059	0.5
1829	4283	0.5
1831	2075	0.5
1831	2200	0.5
1831	2434	0.5
1831	2626	0.5
1831	4068	0.5
1832	2221	0.5
1832	2327	0.5
1832	2520	0.5
1832	2532	0.5
1832	3370	0.5
1833	2190	0.5
1833	2219	0.5
1833	2418	0.5
1834	8765	0.5
1835	5037	0.5
1835	5425	0.5
1836	2235	0.5
1836	3370	0.5
1836	6704	0.5
1836	8101	0.5
1837	2222	0.5
1837	2455	0.5
1837	2673	0.5
1837	3023	0.5
1837	3961	0.5
1838	2061	0.5
1838	10278	0.5
1838	2165	0.5
1838	2176	0.5
1838	2310	0.5
1839	9042	0.5
1839	2285	0.5
1839	2877	0.5
1839	3096	0.5
1839	4957	0.5
1840	2681	0.5
1840	3176	0.5
1840	3237	0.5
1840	4820	0.5
1841	2170	0.5
1841	2851	0.5
1841	3630	0.5
1841	5682	0.5
1841	8124	0.5
1842	2211	0.5
1842	2465	0.5
1842	2685	0.5
1842	2761	0.5
1842	3176	0.5
1843	5975	0.50000066
1843	2211	0.5
1843	2227	0.5
1843	2691	0.5
1844	2228	0.5
1844	2948	0.5
1844	4562	0.5
1845	3702	0.5
1845	6963	0.5
1846	2735	0.5
1846	2739	0.5
1846	3525	0.5
1846	3704	0.5
1846	4696	0.5
1847	5227	0.5
1848	3495	0.5
1848	5099	0.5
1849	2186	0.5
1849	3363	0.5
1850	2371	0.5
1850	2497	0.5
1850	2946	0.5
1850	4644	0.5
1850	6052	0.5
1851	2083	0.5
1851	2286	0.5
1851	2346	0.5
1851	2674	0.5
1851	3028	0.5
1852	2016	0.5
1852	2029	0.5
1852	3801	0.5
1852	5395	0.5
1853	6051	0.5
1854	2318	0.5
1854	2530	0.5
1854	4718	0.5
1854	5949	0.5
1855	2283	0.5
1855	2293	0.5
1855	2296	0.5
1855	3397	0.5
1855	3567	0.5
1856	2052	0.5
1856	2282	0.5
1856	2283	0.5
1856	2334	0.5
1856	2343	0.5
1857	4943	0.5
1858	2155	0.5
1858	2283	0.5
1858	2289	0.5
1858	2675	0.5
1858	2897	0.5
1859	2222	0.5
1859	2349	0.5
1859	2673	0.5
1859	5061	0.5
1859	5567	0.5
1860	2480	0.5
1860	2482	0.5
1860	3501	0.5
1860	4185	0.5
1860	4819	0.5
1861	2224	0.50000066
1861	5783	0.50000006
1861	2185	0.5
1861	2371	0.5
1861	2460	0.5
1862	2228	0.5
1862	2914	0.5
1864	9819	0.5
1864	2512	0.5
1865	2372	0.5
1865	2469	0.5
1865	2674	0.5
1865	2720	0.5
1865	3025	0.5
1866	9176	0.5
1866	2371	0.5
1866	2482	0.5
1866	2536	0.5
1867	2529	0.5
1867	3421	0.5
1867	3466	0.5
1868	2319	0.5
1868	4079	0.5
1868	4526	0.5
1869	2083	0.5
1869	2283	0.5
1869	3113	0.5
1869	3504	0.5
1870	3234	0.5000005
1870	2296	0.5
1870	2695	0.5
1870	5105	0.5
1871	2157	0.5
1871	2726	0.5
1871	2942	0.5
1871	3095	0.5
1871	3403	0.5
1872	2064	0.5
1872	4383	0.5
1872	6176	0.5
1872	7324	0.5
1873	3029	0.5
1873	3096	0.5
1873	5534	0.5
1874	2047	0.5
1874	3058	0.5
1874	3704	0.5
1874	4696	0.5
1875	2223	0.5
1875	2349	0.5
1875	2424	0.5
1875	2972	0.5
1875	3600	0.5
1876	2148	0.5
1876	3055	0.5
1876	3793	0.5
1877	2204	0.5
1877	2224	0.5
1877	2422	0.5
1877	3503	0.5
1877	3508	0.5
1879	3100	0.5
1879	3391	0.5
1879	4801	0.5
1879	7859	0.5
1880	2286	0.5
1880	2295	0.5
1880	2336	0.5
1880	2338	0.5
1880	2372	0.5
1881	2273	0.5
1881	2511	0.5
1881	3571	0.5
1881	4879	0.5
1882	5418	0.5
1883	2050	0.5
1884	2430	0.5
1884	5222	0.5
1885	2548	0.5
1885	2950	0.5
1885	4766	0.5
1886	2452	0.5
1886	2685	0.5
1886	4587	0.5
1888	2430	0.5
1888	2435	0.5
1888	2527	0.5
1888	3088	0.5
1888	5464	0.5
1889	2222	0.5
1889	2703	0.5
1889	5438	0.5
1890	4648	0.5
1890	4791	0.5
1890	6742	0.5
1891	2005	0.5
1891	4729	0.5
