0	2089	0	0.0
0	2049	1	0.0
0	2078	0	0.0
2	2148	1	0.0
3	2211	1	0.020338701
3	2223	0	0.00810355
3	2208	1	0.0
4	2071	1	0.0
4	2270	1	0.0
5	2317	0	0.048892487
5	2285	1	0.020366034
6	2282	0	0.038903896
6	2305	0	0.0
7	2384	1	0.0
8	2434	0	0.0
8	2426	1	0.0
8	2421	1	0.0
8	2441	0	0.0
8	2153	0	0.0
9	2451	1	0.04338005
9	2323	1	0.0
10	2371	1	0.009497087
10	2338	1	0.0
10	2185	1	0.0
11	2319	0	0.0
11	2523	0	0.0
11	2492	0	0.0
11	2529	0	0.0
11	2520	0	0.0
13	2593	1	0.0
13	2212	1	0.0
15	2083	1	0.006458044
15	2522	0	0.0
15	2492	1	0.0
15	2681	0	0.0
16	2505	1	0.024453199
16	2729	0	0.0
18	2695	1	0.00982073
19	2830	0	0.09172742
20	2852	1	0.0
20	2505	1	0.0
20	2593	1	0.0
20	2414	0	0.0
21	2282	0	0.009697731
21	2223	1	0.0
22	2049	0	0.030247957
23	2933	0	0.06573642
23	2935	0	0.050066855
23	2942	0	0.0
23	2944	0	0.0
25	3020	1	0.040830944
25	3019	1	0.023936022
27	2315	1	0.04438972
27	2957	0	0.0
27	2459	0	0.0
27	2449	0	0.0
27	3042	0	0.0
28	2027	0	0.032725353
29	2441	0	0.0
29	2149	0	0.0
29	3086	0	0.0
30	3100	1	0.0
30	3123	0	0.0
31	2053	1	0.0
31	2214	0	0.0
33	3178	1	0.02961707
33	3177	1	0.0
37	3290	1	0.070563786
38	2919	1	0.12789118
39	3371	1	0.0
40	2221	0	0.0
40	2325	0	0.0
40	3390	0	0.0
41	2700	1	0.026362654
41	2220	0	0.021793496
41	2209	1	0.0
42	2786	0	0.0
42	3427	0	0.0
44	3028	0	0.0
45	2942	0	0.0
45	2695	0	0.0
46	2304	1	0.0
46	2035	0	0.0
46	3494	0	0.0
47	2973	0	0.0
47	2505	1	0.0
49	3272	1	0.0
49	2323	0	0.0
50	2304	0	0.02476553
50	2083	1	0.014710449
50	2286	1	0.013504913
51	2902	0	0.0
51	2285	0	0.0
51	2354	0	0.0
51	2327	1	0.0
51	2286	0	0.0
53	2848	1	0.0
53	2482	1	0.0
54	2880	0	0.0
55	2788	0	0.0
55	2286	1	0.0
55	3449	0	0.0
56	2050	0	0.0
56	2701	1	0.0
56	3704	0	0.0
58	2059	0	0.0
59	3088	0	0.0
60	2548	1	0.028142102
60	3803	0	0.0
60	3797	1	0.0
61	3824	1	0.08059661
61	2265	1	0.0
62	2482	1	0.059223168
62	3865	0	0.02575022
62	2492	1	0.008621158
62	3852	0	0.0
62	2469	0	0.0
63	3018	1	0.1053779
63	2997	1	0.084112726
64	2282	1	0.03809713
64	2295	0	0.020737026
64	2311	0	0.0
64	2323	0	0.0
65	2603	1	0.0
66	2506	1	0.0
67	3994	0	0.048574433
67	3526	1	0.019489972
68	2285	1	0.020366034
68	2327	0	0.0
69	2223	0	0.0
69	4011	1	0.0
69	2076	1	0.0
73	3973	0	0.08548364
73	3233	0	0.0
73	2149	0	0.0
73	2424	1	0.0
74	2148	0	0.0
74	2597	1	0.0
75	2894	0	0.017391263
75	2298	1	0.0
75	3034	0	0.0
78	3728	1	0.0
79	3100	1	0.0
80	2192	0	0.0
81	2506	1	0.0302982
81	2852	0	0.0
82	4369	1	0.06855562
82	2223	1	0.0
83	2519	1	0.014608093
83	2635	1	0.0
84	2217	0	0.0
84	2624	0	0.0
85	3663	1	0.033689987
85	2681	0	0.023087298
85	2492	1	0.019445479
85	3664	1	0.0
86	4424	1	0.099858835
86	4422	1	0.09811954
87	4463	1	0.0
88	2290	0	0.0
88	2284	0	0.0
89	4511	0	0.031538483
89	3949	0	0.0
89	2148	1	0.0
90	2282	1	0.03434667
90	4523	1	0.021550372
90	2323	1	0.0
90	2492	1	0.0
92	2204	0	0.01833767
93	2286	1	0.013504913
93	2149	0	0.0
94	2418	0	0.0
95	2148	0	0.009922393
95	2223	1	0.0
96	2534	0	0.027214488
96	2371	1	0.009143261
96	2221	0	0.0
96	3113	0	0.0
96	2701	1	0.0
97	2191	1	0.0276805
98	3704	0	0.026788168
98	2960	0	0.0
98	2532	1	0.0
99	2492	1	0.0084736785
99	2223	0	0.0
101	4696	1	0.0
101	2960	1	0.0
103	3265	0	0.052020468
104	3801	0	0.06776823
106	2960	1	0.028909625
108	2371	1	0.011923544
108	2492	0	0.0
108	2806	1	0.0
108	4831	0	0.0
109	3403	1	0.053066917
109	2593	1	0.0
110	4881	1	0.14531654
110	3235	1	0.0
112	2999	1	0.061766792
112	2461	0	0.0
112	4918	0	0.0
113	4047	1	0.03933821
114	2815	0	0.03925015
114	2812	0	0.034245834
114	2497	0	0.0
115	3450	1	0.05130935
116	2286	1	0.013504913
116	2300	0	0.011875777
116	2695	0	0.00982073
116	2371	1	0.0
118	5006	1	0.02128453
119	3704	1	0.0
119	2064	0	0.0
120	2083	0	0.0
120	3095	1	0.0
120	3407	0	0.0
120	3403	1	0.0
121	2492	1	0.0
121	2531	0	0.0
121	2315	1	0.0
123	2153	0	0.0
123	2221	1	0.0
123	5099	0	0.0
124	2356	1	0.0
125	2282	1	0.03368528
125	2286	1	0.02111381
125	2305	0	0.018205805
125	2235	0	0.0
125	2459	1	0.0
126	2148	1	0.0
126	2435	1	0.0
127	2327	0	0.018762408
127	2519	0	0.014608093
127	2537	0	0.01244565
127	4425	0	0.0
129	2522	0	0.035819527
129	3587	0	0.0
129	3441	0	0.0
130	2160	0	0.0
131	2449	0	0.0
132	2240	1	0.03467388
132	2052	1	0.024579713
132	2695	1	0.0
133	3370	0	0.0
133	2372	0	0.0
134	2120	1	0.11293985
134	2616	1	0.0737686
134	3624	1	0.0
135	5181	1	0.0
136	2053	1	0.019732054
137	5265	1	0.0
137	2977	1	0.0
138	2288	0	0.025825994
139	2327	1	0.012798891
139	2542	1	0.0
139	2185	1	0.0
141	2285	1	0.0
142	2776	1	0.0
143	2973	0	0.0
143	2674	1	0.0
144	2977	0	0.0
144	5338	0	0.0
144	2319	1	0.0
144	2957	0	0.0
145	2322	1	0.015208809
145	2149	0	0.0
146	2455	1	0.022531645
146	2452	1	0.0
146	2534	0	0.0
147	2209	1	0.0
147	2148	0	0.0
147	3366	1	0.0
147	2153	1	0.0
148	2531	1	0.0
149	5406	1	0.0
150	3503	1	0.016742313
150	3678	0	0.0
150	5432	0	0.0
150	5431	0	0.0
150	3943	0	0.0
152	2284	0	0.016881717
152	2353	1	0.0
152	2906	0	0.0
152	2522	0	0.0
154	5203	0	0.063150525
154	3095	1	0.012891247
154	2497	1	0.0
155	2319	0	0.02954095
155	2451	1	0.028651703
155	5525	1	0.0
155	3100	1	0.0
156	2350	1	0.3172926
156	3450	1	0.073202714
156	2354	1	0.07320167
156	3438	1	0.07155755
157	2211	0	0.0
157	2192	0	0.0
158	2199	1	0.03874548
159	2148	0	0.010011591
159	5617	1	0.0
159	5616	1	0.0
160	2832	1	0.06551583
160	2955	1	0.017465511
161	2541	1	0.025737844
161	2434	1	0.0
161	3600	0	0.0
161	2214	0	0.0
161	5633	1	0.0
162	2201	0	0.015635345
162	2418	1	0.011257651
162	2848	0	0.0
162	3797	1	0.0
162	2426	1	0.0
163	2157	0	0.01672698
163	2720	0	0.0
164	3366	1	0.06465465
164	5674	1	0.044533316
164	2323	0	0.024778442
164	4814	0	0.0
164	5429	0	0.0
165	4440	0	0.24393405
165	5538	1	0.23870683
166	2148	0	0.0
166	5678	0	0.0
167	2157	1	0.034522608
168	5407	1	0.0
169	3222	0	0.0
171	2859	0	0.0
171	3788	1	0.0
172	5792	1	0.0
172	2327	1	0.0
173	2423	1	0.05216212
173	4539	1	0.039613124
173	2214	1	0.0
173	2953	0	0.0
174	2160	0	0.0
174	2157	0	0.0
174	2064	0	0.0
176	2681	1	0.039319035
176	2371	0	0.009497087
176	2083	0	0.0
176	3663	0	0.0
176	2519	0	0.0
181	3704	1	0.0
183	2078	0	0.0
183	2992	0	0.0
183	5951	0	0.0
183	5952	0	0.0
183	5948	1	0.0
184	2849	1	0.03685199
184	2225	1	0.0
185	3403	0	0.022136532
185	2729	0	0.020908808
185	4586	0	0.0
185	2418	0	0.0
186	2848	0	0.0
186	2200	0	0.0
186	2148	1	0.0
187	2504	0	0.0
188	3349	1	0.019817848
188	4767	1	0.0
188	2711	1	0.0
188	2383	1	0.0
190	2497	0	0.040002562
190	2919	1	0.03757694
190	4726	0	0.0
190	3095	0	0.0
190	2726	0	0.0
191	2482	0	0.02554538
191	2955	0	0.0
191	2806	1	0.0
195	2288	0	0.020655345
195	3454	1	0.0
195	6168	1	0.0
196	2005	0	0.03717182
197	2300	0	0.011875777
197	2203	0	0.0
197	3034	0	0.0
198	3664	0	0.0
198	3053	0	0.0
198	2399	0	0.0
199	3704	1	0.024594486
199	2059	1	0.0090569025
199	2083	0	0.0
200	2919	1	0.196388
200	4955	1	0.08298455
200	4818	1	0.0
201	2483	1	0.0
201	6260	1	0.0
202	4164	0	0.0
202	2492	0	0.0
202	2942	0	0.0
203	2423	0	0.036254123
204	6300	1	0.0
205	4478	0	0.04826081
205	5393	0	0.0
206	2701	1	0.011495393
206	2192	0	0.0
206	2059	1	0.0
206	3407	0	0.0
207	2327	0	0.017365066
207	2371	1	0.01414874
208	2608	1	0.0
209	2299	1	0.027356515
210	3074	1	0.05648078
210	2153	1	0.016518924
210	2729	1	0.0
210	5265	1	0.0
210	2245	1	0.0
211	2832	1	0.04553763
212	2304	0	0.0
213	2295	0	0.020737026
213	2394	1	0.0
215	2285	0	0.0
216	2695	0	0.0
217	2251	0	0.0
217	6466	1	0.0
217	2638	1	0.0
218	2288	1	0.025825994
218	2235	0	0.0
219	2286	1	0.020567525
219	2049	0	0.0
219	2519	0	0.0
219	2894	0	0.0
219	3034	0	0.0
220	2261	1	0.10572101
221	2815	1	0.15735617
221	2013	1	0.0
221	2157	0	0.0
222	2251	1	0.021508746
222	2541	1	0.0
222	2288	1	0.0
222	2325	0	0.0
222	2059	1	0.0
223	2505	0	0.0
225	2049	0	0.011650591
225	2327	1	0.010972711
225	2695	1	0.00982073
225	2449	1	0.0
226	2701	0	0.015283701
226	2221	1	0.008371573
227	2305	0	0.03076594
227	2284	0	0.030218733
227	2083	1	0.014710449
227	2300	0	0.011875777
227	2450	0	0.0
228	2897	1	0.055692457
228	2049	1	0.011650591
228	2064	0	0.0
228	2992	1	0.0
229	2201	1	0.017376937
229	2295	1	0.0
229	2298	1	0.0
229	2709	0	0.0
229	3824	1	0.0
230	5673	0	0.07729843
230	2482	1	0.023564745
230	3865	1	0.0
231	2083	1	0.021168493
231	2906	0	0.0
232	3859	1	0.0
235	2338	1	0.020826308
235	6701	0	0.0
235	4961	0	0.0
235	2681	0	0.0
235	2542	1	0.0
236	6707	0	0.0
239	2323	0	0.0
240	3194	1	0.03239518
241	4004	0	0.0
242	3170	1	0.0
243	3825	1	0.0
246	3072	0	0.0
246	2371	0	0.0
247	4590	0	0.0
247	2169	0	0.0
248	2511	1	0.031626184
248	3109	0	0.024204059
249	2953	1	0.04320147
249	5099	1	0.03182308
249	2842	1	0.01797951
250	2356	1	0.025322251
250	2542	1	0.0
250	2525	0	0.0
252	2397	0	0.0
253	4809	1	0.0
253	3177	1	0.0
254	2695	0	0.00982073
254	2537	0	0.0
254	2284	1	0.0
254	3042	0	0.0
255	2492	1	0.0084736785
255	3859	1	0.0
256	6464	0	0.0
257	2984	1	0.09302068
257	2505	0	0.0158367
257	2148	0	0.009922393
258	2419	0	0.0
258	3123	0	0.0
258	2223	1	0.0
259	2286	1	0.02111381
259	2492	0	0.011217722
259	2469	0	0.0
259	2310	0	0.0
262	2942	0	0.026449468
263	3349	1	0.0
263	2608	1	0.0
263	2556	0	0.0
263	2872	0	0.0
264	2322	1	0.013360713
266	3349	1	0.0
267	2300	0	0.011875777
267	2539	0	0.0
267	2492	1	0.0
267	2327	0	0.0
268	3109	0	0.0
268	2059	1	0.0
268	7127	0	0.0
269	2426	1	0.0
269	2222	1	0.0
270	3070	1	0.038940668
270	2593	1	0.022006163
270	5756	1	0.0
271	2327	0	0.0
271	3477	0	0.0
273	2221	0	0.0
274	7231	1	0.0
274	2280	1	0.0
275	2701	1	0.043299146
275	3526	1	0.010375389
275	2729	1	0.0
276	2557	0	0.04114634
276	5820	1	0.0
277	5037	1	0.0
277	2216	1	0.0
277	2548	0	0.0
278	2433	0	0.0
278	3039	0	0.0
278	3235	0	0.0
279	4524	1	0.0
279	2492	0	0.0
280	4332	0	0.0
281	2889	0	0.0
283	2157	1	0.030786872
283	4332	1	0.0
284	2541	1	0.0
284	2202	0	0.0
284	2952	1	0.0
284	3039	1	0.0
285	2083	1	0.021168493
285	3663	1	0.0
285	2478	0	0.0
285	2323	0	0.0
285	2537	0	0.0
286	2435	1	0.0
286	2461	1	0.0
288	2909	1	0.018767353
289	3442	0	0.031368162
289	2282	0	0.023748498
289	6397	0	0.0
289	7411	0	0.0
289	4919	1	0.0
290	2200	1	0.0
290	3235	0	0.0
290	5006	0	0.0
292	3095	0	0.0
292	4955	0	0.0
293	2251	1	0.0
294	2083	0	0.009058369
294	2050	1	0.0
294	2371	1	0.0
294	2214	0	0.0
295	4815	1	0.05602563
295	2720	0	0.023051586
297	2889	1	0.0
297	4164	0	0.0
298	7184	1	0.0
299	7145	1	0.034504376
300	2909	1	0.06766829
301	2325	1	0.032680705
301	2695	0	0.020109288
301	2542	0	0.0
301	3095	0	0.0
302	2157	0	0.01672698
304	5153	0	0.0
304	2530	0	0.0
304	2519	0	0.0
305	2282	1	0.029206164
305	4115	0	0.0
305	3370	1	0.0
306	3100	1	0.0
306	2859	1	0.0
306	2894	0	0.0
307	2286	1	0.025511328
307	2528	0	0.0
307	2709	1	0.0
307	2201	1	0.0
307	2285	1	0.0
308	2327	0	0.029735118
308	2083	1	0.006458044
308	3449	1	0.0
309	2538	0	0.015449217
309	2520	1	0.0
310	2305	0	0.02101845
310	2311	0	0.0
310	2714	0	0.0
310	2299	0	0.0
310	2880	0	0.0
311	2185	0	0.0
312	3503	0	0.016742313
313	2286	1	0.007667541
313	2083	1	0.0
313	2372	0	0.0
313	2251	1	0.0
315	4326	1	0.045278363
316	2726	1	0.034447793
316	4767	0	0.030976735
316	2083	1	0.014710449
316	5437	0	0.0
316	2394	0	0.0
317	2525	0	0.0
317	2251	1	0.0
318	2455	1	0.015534381
318	2419	0	0.0
318	2322	0	0.0
318	2528	0	0.0
318	5427	0	0.0
320	2201	0	0.015635345
320	2700	0	0.0
320	5691	1	0.0
320	2148	1	0.0
320	2894	1	0.0
323	2148	1	0.0
323	3391	1	0.0
324	2083	1	0.0
324	3235	1	0.0
324	3639	1	0.0
326	2450	1	0.03850993
326	7823	1	0.0008139077
326	2287	1	0.0
327	2434	0	0.0
328	2455	0	0.007927451
329	2288	1	0.0
329	2532	0	0.0
330	2530	0	0.023554605
330	2223	0	0.0
331	2522	0	0.0
331	2326	0	0.0
331	2251	0	0.0
332	2251	0	0.021508746
332	2695	1	0.00982073
332	2380	0	0.0
332	2469	0	0.0
332	2308	0	0.0
333	2542	1	0.022893662
335	2423	1	0.038140632
335	2093	1	0.0
336	3826	1	0.026628375
337	3455	1	0.0
339	5153	0	0.022929877
339	2455	1	0.019683244
339	2336	0	0.01927819
339	2635	1	0.0
340	5256	1	0.0
341	2482	1	0.057933465
341	3177	1	0.0
342	2157	0	0.0
342	8021	0	0.0
344	3403	0	0.017103255
344	2603	0	0.0
344	2216	1	0.0
344	5222	1	0.0
344	3113	0	0.0
345	2202	0	0.059315573
346	8080	1	0.0
347	3039	1	0.0156224165
347	4581	1	0.0
347	2444	1	0.0
348	3845	1	0.0
349	4767	1	0.0
350	4641	0	0.0
350	2513	1	0.0
350	6258	0	0.0
350	2083	0	0.0
352	2338	1	0.024849687
352	2528	1	0.0
352	2323	0	0.0
352	2334	1	0.0
354	2933	1	0.105477326
354	3403	1	0.0
354	2944	1	0.0
355	4016	0	0.0
356	2235	0	0.0
356	3587	0	0.0
356	2326	0	0.0
357	2270	1	0.06854431
357	2325	1	0.06633386
357	5195	1	0.04470192
357	2599	1	0.033054188
358	2889	0	0.0
358	2532	1	0.0
358	2178	0	0.0
358	2953	0	0.0
360	2157	1	0.0
360	8230	1	0.0
361	3146	0	0.0
361	2542	0	0.0
362	8259	1	0.0
362	2828	1	0.0
363	2083	1	0.014710449
363	2334	0	0.0
364	3845	0	0.031851772
364	3185	1	0.0
364	2371	1	0.0
364	2482	0	0.0
365	2492	1	0.011217722
366	3072	0	0.0
369	2716	0	0.0
370	2540	0	0.0
370	2505	0	0.0
371	2148	1	0.017153803
372	2450	0	0.0
372	2459	0	0.0
372	2475	0	0.0
373	2287	0	0.0
373	2538	0	0.0
373	3681	0	0.0
373	2310	0	0.0
375	2909	1	0.037931107
375	3342	0	0.0
377	2475	1	0.018678429
377	2327	0	0.0
377	3663	0	0.0
377	2203	0	0.0
378	2286	1	0.03461872
380	3968	1	0.0749355
380	5949	1	0.045089576
380	2074	1	0.024569288
380	5633	1	0.0
380	8440	1	0.0
381	2221	1	0.013305802
381	2071	0	0.0
382	4903	0	0.0
383	3192	1	0.031556606
384	4904	1	0.070765704
384	2469	1	0.046595592
385	2300	0	0.0
386	2292	0	0.0
386	2059	0	0.0
386	2338	1	0.0
386	2520	0	0.0
386	2635	0	0.0
387	2957	0	0.0
387	2906	0	0.0
387	2538	1	0.0
388	3442	0	0.0
388	2695	1	0.0
388	2083	1	0.0
389	2739	1	0.05401735
390	2469	1	0.0
391	2889	0	0.0
391	4612	0	0.0
392	2282	1	0.039256573
392	6704	1	0.021086687
393	2327	0	0.0
394	2372	0	0.0
395	3704	1	0.0
396	3265	1	0.024367355
396	3999	1	0.0
397	2049	0	0.0
397	2338	1	0.0
399	6178	1	0.052268814
399	4554	1	0.0
400	2053	1	0.023992207
400	4532	1	0.0
401	2435	0	0.0
401	2083	0	0.0
401	4918	0	0.0
401	2896	1	0.0
402	2222	1	0.0
402	2497	0	0.0
402	2944	0	0.0
402	3038	0	0.0
402	2957	0	0.0
403	6711	0	0.0
404	2776	1	0.0
405	5594	1	0.034148525
405	2572	0	0.0
407	2556	0	0.022338364
407	2505	1	0.0
407	6227	1	0.0
407	3415	1	0.0
409	2012	1	0.15144409
410	4911	0	0.0
410	8489	0	0.0
411	2739	1	0.056659102
411	2217	0	0.028848376
411	2596	0	0.0
411	2439	0	0.0
411	3929	1	0.0
413	3704	0	0.0
414	8805	1	0.0
414	4766	1	0.0
414	2706	0	0.0
416	2153	0	0.011709036
416	3698	0	0.0
418	6189	1	0.051194534
418	2221	1	0.008915608
418	7564	1	0.0
419	3403	1	0.032439135
420	2455	1	0.0
420	2319	0	0.0
420	2452	1	0.0
421	2942	0	0.0
421	4429	0	0.0
422	2700	0	0.0
422	8919	1	0.0
422	2894	0	0.0
422	7801	0	0.0
423	5252	1	0.073850594
424	2597	1	0.021396244
424	3053	1	0.0
425	7107	0	0.0
425	2315	0	0.0
426	3349	1	0.025345273
426	2909	0	0.0
427	3403	1	0.030930385
427	2221	1	0.008915608
427	2059	0	0.0
427	7841	1	0.0
428	3357	1	0.0
428	2812	0	0.0
428	2704	0	0.0
429	8971	0	0.0
429	2201	1	0.0
429	2585	1	0.0
430	2532	0	0.0
430	2221	0	0.0
431	2200	0	0.014252204
431	2148	1	0.0
431	4613	1	0.0
431	2848	1	0.0
432	2372	0	0.0
433	3508	0	0.0
433	3368	0	0.0
433	2153	1	0.0
433	8098	0	0.0
434	2222	1	0.009714232
434	2220	1	0.0
434	2083	1	0.0
435	2538	1	0.0
435	2906	1	0.0
438	2157	1	0.014059893
438	2720	0	0.0
439	4016	0	0.0
440	2469	0	0.0
440	2148	1	0.0
441	2300	1	0.024692565
441	2455	0	0.0
441	2322	0	0.0
442	8312	1	0.037750453
442	2424	1	0.016663129
442	2083	1	0.014710449
443	3090	1	0.0
444	3039	1	0.04085303
444	2349	0	0.0
445	3503	0	0.016742313
445	4517	1	0.0
446	2286	1	0.03461872
446	2308	0	0.0
446	2519	0	0.0
446	2880	0	0.0
448	2282	1	0.014483557
448	2285	1	0.0
449	2988	1	0.14019907
449	2984	1	0.13358139
449	2053	0	0.044228368
449	5692	1	0.03449221
450	2992	0	0.0
450	2300	0	0.0
450	3968	0	0.0
450	2889	0	0.0
450	2519	0	0.0
451	2433	0	0.0
451	2050	1	0.0
452	2597	0	0.0
454	2282	0	0.039565284
454	2245	0	0.0
455	3450	1	0.02179653
456	2710	1	0.040174067
456	4766	1	0.0
458	2148	0	0.0
458	3999	1	0.0
459	2832	1	0.041590493
459	2220	0	0.018134957
459	3342	0	0.0
460	3929	0	0.0
461	3704	1	0.0
461	2871	0	0.0
461	2153	0	0.0
461	2327	0	0.0
462	7642	0	0.028733734
462	2897	1	0.022686584
462	2674	1	0.012589212
462	2287	1	0.0
462	2529	0	0.0
464	3286	0	0.047104895
464	3903	1	0.0
465	2894	0	0.0
466	2288	0	0.025825994
466	2295	1	0.020737026
466	2083	1	0.014710449
466	2235	0	0.0
466	2372	0	0.0
467	6963	1	0.0
467	5090	0	0.0
467	2847	0	0.0
469	2299	0	0.0
469	3547	1	0.0
470	2906	0	0.027027424
470	2537	0	0.012921148
470	2300	0	0.011875777
470	2334	0	0.0
470	2185	0	0.0
471	2282	0	0.029206164
472	3446	1	0.052391775
472	7823	0	0.0008139077
472	3230	1	0.0
472	2538	1	0.0
473	2201	1	0.0
474	5829	1	0.061220907
476	3171	1	0.031503733
476	2371	0	0.0
477	3926	0	0.0
478	2608	1	0.021635853
478	2955	0	0.018662415
478	2556	0	0.01575248
478	2606	0	0.0
478	2872	0	0.0
479	2776	1	0.0
479	3330	1	0.0
480	3503	0	0.016742313
480	2697	1	0.016229076
481	2083	0	0.006458044
482	3712	1	0.0
482	6003	0	0.0
483	3699	0	0.0
483	2491	1	0.0
484	4515	1	0.0
485	2327	0	0.006392355
485	3023	0	0.0
485	2292	0	0.0
485	2251	0	0.0
485	2469	0	0.0
487	7096	0	0.0
487	2484	0	0.0
487	2083	0	0.0
489	2221	1	0.0068691303
490	2799	1	0.028899757
491	2701	1	0.011495393
491	2726	0	0.0
491	2970	0	0.0
491	3037	1	0.0
491	2418	0	0.0
492	2282	1	0.029206164
492	2537	0	0.012911206
492	2455	0	0.008995418
492	2394	1	0.0
492	2894	0	0.0
493	2157	1	0.0
494	8092	1	0.0
495	2287	0	0.020331455
495	4523	0	0.0
495	2292	1	0.0
496	3184	1	0.041639544
496	2214	0	0.0
497	4008	1	0.0
497	4036	1	0.0
498	4614	0	0.0019074032
498	2310	0	0.0
498	2155	0	0.0
498	2325	1	0.0
499	2251	0	0.0
499	2083	0	0.0
499	5077	1	0.0
500	4032	0	0.026452558
500	2323	1	0.0
500	2221	1	0.0
500	2295	0	0.0
501	2282	1	0.048830226
501	2338	0	0.0341038
501	3438	0	0.0
502	2282	1	0.06250702
502	2295	0	0.0
502	3028	0	0.0
503	2952	0	0.0
503	3090	0	0.0
503	2383	0	0.0
503	2160	0	0.0
504	5692	0	0.118129164
504	5820	0	0.0
504	2078	1	0.0
505	2859	1	0.070768975
505	2729	0	0.040130705
505	4814	0	0.0
505	2556	1	0.0
506	4169	0	0.0
507	2505	1	0.0
508	2078	1	0.0
509	3177	0	0.021590102
509	2399	0	0.0
509	2327	0	0.0
509	2185	1	0.0
509	2325	0	0.0
511	4801	1	0.031061424
511	2418	1	0.011257651
511	2847	1	0.0
511	3501	1	0.0
513	3407	0	0.0
514	3265	1	0.066660985
514	2700	0	0.031484127
514	2825	1	0.0
514	3403	1	0.0
515	2596	0	0.0
517	2300	0	0.0
518	2308	1	0.03444412
518	2155	1	0.02141358
518	2282	1	0.014722607
519	7424	0	0.0
519	3691	0	0.0
519	3696	0	0.0
519	2505	0	0.0
520	3294	1	0.08916537
522	2422	1	0.05942929
522	3407	0	0.0
523	2153	1	0.029967625
523	2703	0	0.0
523	2008	1	0.0
524	9886	1	0.054998297
524	6592	1	0.025433749
525	4438	1	0.21169892
525	5423	1	0.0
526	4876	0	0.15893596
526	8904	1	0.10056685
526	9941	0	0.040787224
528	2973	0	0.012905507
528	2221	0	0.0074383724
529	8171	0	0.08166027
529	2422	1	0.0
530	2984	1	0.0
530	3839	1	0.0
530	2842	1	0.0
530	2251	0	0.0
531	2349	1	0.034736477
531	2300	1	0.032121267
532	4232	1	0.113837734
532	4956	1	0.030973295
532	2942	0	0.0
533	2049	1	0.0
533	2327	0	0.0
533	2323	1	0.0
534	2455	0	0.0
535	2295	1	0.0
536	2937	1	0.0
537	2286	1	0.013504913
537	3370	0	0.0
539	2435	0	0.019843634
539	3734	0	0.0
539	3088	0	0.0
539	2053	0	0.0
540	2315	0	0.045608956
540	2681	1	0.039284106
540	2319	0	0.022372808
540	3034	0	0.02033271
540	10051	0	0.0
541	8162	1	0.0
542	4755	1	0.0
543	2155	0	0.0
544	2836	1	0.097870074
545	2192	1	0.0
545	8311	0	0.0
545	2223	1	0.0
546	7253	1	0.058144648
546	2695	1	0.0
546	7642	0	0.0
546	2729	0	0.0
547	2080	0	0.0
547	4763	0	0.0
548	2700	0	0.0
549	2469	0	0.0
550	2450	0	0.0
550	2788	0	0.0
551	6207	1	0.0
551	2310	0	0.0
551	2300	1	0.0
551	2349	1	0.0
551	2371	0	0.0
552	2013	0	0.0
552	2286	1	0.0
553	7127	0	0.0
553	4447	0	0.0
554	2531	0	0.0
554	2203	0	0.0
554	4830	0	0.0
554	3630	0	0.0
556	2992	1	0.025071269
557	2282	1	0.014722607
557	6176	0	0.0
557	2286	1	0.0
558	6281	1	0.0
559	3113	1	0.0
560	5222	0	0.0
560	3136	0	0.0
560	3691	1	0.0
561	2285	0	0.02437625
561	2716	0	0.0
562	2973	0	0.0
562	2952	1	0.0
563	2146	1	0.08506012
564	6187	1	0.0
566	2083	1	0.027632363
566	2292	0	0.0
567	2078	0	0.0
568	2049	1	0.03544444
568	3381	1	0.0
568	2440	0	0.0
568	3374	0	0.0
569	3510	1	0.028157396
569	10120	0	0.0
569	10393	0	0.0
569	3366	1	0.0
569	8995	0	0.0
570	2491	1	0.036306635
570	3845	1	0.025617374
570	2372	0	0.014559394
570	2530	0	0.012970476
570	4823	0	0.0
572	2909	1	0.037931107
573	3587	0	0.06388795
573	2286	1	0.03461872
574	2377	1	0.0
575	2419	0	0.0
575	2148	0	0.0
576	2372	1	0.017111741
576	2948	0	0.0
576	4612	0	0.0
576	2894	1	0.0
577	4020	1	0.03144223
577	2286	1	0.013504913
577	2897	1	0.0
578	3991	0	0.0316165
578	2434	1	0.0
579	2209	1	0.0
580	2371	1	0.011172108
580	10221	0	0.0
580	2706	1	0.0
583	3230	1	0.022420825
583	2418	1	0.016814964
585	2201	1	0.061480153
585	3403	0	0.013827131
586	2319	0	0.019629259
586	2304	0	0.0
587	7000	0	0.0
587	2059	0	0.0
587	2973	1	0.0
588	5538	1	0.0
588	2059	0	0.0
588	2178	1	0.0
589	3416	1	0.04453083
589	2153	0	0.0
589	2231	1	0.0
590	2080	1	0.030115696
590	2049	0	0.011650591
590	2174	0	0.0
590	2455	1	0.0
591	2624	0	0.0
592	2284	0	0.04710045
592	2338	0	0.020826308
592	2300	0	0.011875777
592	2323	0	0.0
592	3663	0	0.0
593	2959	1	0.04293284
593	5633	1	0.0
594	2859	1	0.06754813
594	2214	1	0.0
594	6373	0	0.0
594	2722	1	0.0
594	4767	0	0.0
595	3034	1	0.01674494
595	4509	0	0.0
596	4844	0	0.08979608
597	5181	1	0.055976316
597	2548	0	0.04613064
597	2423	0	0.0
597	7708	1	0.0
599	4052	1	0.0
600	2686	1	0.0658262
600	2319	0	0.0322845
601	8278	1	0.05559234
601	2211	1	0.0
602	2957	1	0.061919153
602	2484	0	0.049873125
602	4128	0	0.0
602	2909	0	0.0
603	2153	0	0.0
603	2399	0	0.0
603	3369	0	0.0
604	6042	0	0.0
605	2497	0	0.0
607	2519	1	0.014608093
607	5059	0	0.0
607	2325	1	0.0
608	2252	0	0.0
610	2052	1	0.0
610	2529	0	0.0
610	3630	1	0.0
611	2251	0	0.03800363
611	2282	0	0.014483557
612	5890	1	0.0
612	6225	0	0.0
614	6646	1	0.040210582
616	2427	1	0.0
616	2148	1	0.0
617	2093	0	0.0
618	7788	0	0.046995
618	3095	0	0.0
619	2319	0	0.022372808
619	2505	0	0.0
619	2525	0	0.0
619	2539	0	0.0
621	2492	1	0.011217722
622	6934	1	0.0
623	2532	0	0.0
624	3091	1	0.0
625	2482	1	0.0
626	6704	0	0.021811929
626	3447	0	0.019860417
627	2317	1	0.048892487
628	3403	1	0.040877156
628	2847	1	0.0
628	2192	1	0.0
628	6275	1	0.0
630	2942	1	0.0
632	2282	1	0.019624062
633	3366	1	0.0
633	2709	0	0.0
633	3788	0	0.0
634	2538	1	0.0
634	4957	0	0.0
634	2298	1	0.0
635	5844	1	0.039653942
636	2317	0	0.03523611
636	2155	0	0.0
637	2511	1	0.031626184
637	2083	1	0.0
637	2221	1	0.0
637	2203	1	0.0
638	2992	0	0.036106374
639	3501	0	0.0
640	2418	1	0.033197325
640	2059	1	0.009182677
641	3447	1	0.0
641	2538	0	0.0
642	2295	0	0.020737026
642	2695	1	0.00982073
642	2537	0	0.0
643	2325	1	0.0
643	3845	0	0.0
643	2338	1	0.0
643	2419	0	0.0
644	4506	0	0.0
644	2221	1	0.0
645	2211	0	0.020338701
646	4918	1	0.0
647	2739	1	0.0
648	2556	1	0.040358312
648	5701	0	0.030819392
649	2050	1	0.020588871
649	2169	1	0.0
649	2371	1	0.0
650	2288	0	0.025825994
650	2303	0	0.0
651	3349	1	0.0
652	3033	0	0.030097045
652	2349	0	0.0
652	2539	1	0.0
652	2327	1	0.0
654	4205	1	0.03462818
654	4957	1	0.0
655	2282	1	0.014722607
655	2894	0	0.0
655	3023	0	0.0
655	2240	0	0.0
655	2049	0	0.0
656	8479	0	0.0
658	2948	0	0.0
658	2894	0	0.0
659	10119	1	0.034610465
660	3409	0	0.0
661	2726	0	0.0
661	2700	1	0.0
661	5917	0	0.0
661	8814	0	0.0
661	4332	1	0.0
662	2153	1	0.04648655
662	2310	0	0.024233308
662	7184	0	0.0
663	4767	1	0.05182754
664	3600	1	0.0
665	3442	0	0.048688505
665	3466	1	0.030818762
665	2287	1	0.0
665	2519	0	0.0
665	2449	0	0.0
666	5693	1	0.031326026
667	2221	0	0.0
667	2157	0	0.0
667	3349	1	0.0
668	3186	1	0.09412567
668	2806	1	0.061695628
668	6301	1	0.0
669	2295	0	0.0
669	2305	0	0.0
670	2200	1	0.0
670	2078	1	0.0
671	3349	1	0.025345273
671	4814	0	0.0
672	4429	1	0.0
672	3406	0	0.0
672	2942	0	0.0
673	3723	0	0.029458955
674	4506	0	0.027423166
674	2538	0	0.0
674	2318	0	0.0
675	2322	0	0.0
675	2327	0	0.0
676	8902	0	0.0
679	2593	0	0.0
681	2338	1	0.020826308
681	2179	1	0.0
681	4509	0	0.0
683	2286	1	0.012006414
683	2323	1	0.0
683	2695	1	0.0
684	2473	0	0.028531248
684	4957	1	0.026730377
684	2466	0	0.0
685	5631	0	0.082435034
685	3380	0	0.0
686	2957	0	0.0
686	3406	1	0.0
687	2325	0	0.0
688	2483	1	0.0
688	2325	1	0.0
688	2608	1	0.0
689	2700	1	0.02688425
689	2859	0	0.021772895
690	3746	1	0.026989378
690	3455	0	0.0
691	2059	1	0.009182677
691	2223	1	0.007837788
691	2700	1	0.0
691	2050	1	0.0
691	2485	0	0.0
692	2083	1	0.0
692	3158	1	0.0
693	2635	0	0.0
693	2083	1	0.0
694	4921	0	0.0
696	2491	0	0.036306635
696	4936	0	0.035435766
696	3171	0	0.031503733
696	2492	1	0.008361841
696	2050	0	0.0
697	3178	1	0.1428039
697	10263	0	0.053089514
697	3183	0	0.0
698	2300	0	0.0
699	5691	1	0.0
700	3177	1	0.0664269
700	4221	0	0.0
701	2292	0	0.0
702	2247	1	0.0
702	8165	1	0.0
703	3872	1	0.065962635
703	2593	1	0.012715766
703	2221	1	0.0
703	2222	1	0.0
704	2204	1	0.023028208
704	2423	1	0.022232637
704	2148	1	0.009922393
705	2285	0	0.0
705	2251	0	0.0
706	2419	0	0.012452867
706	3600	0	0.0
708	2973	0	0.0
708	3235	0	0.0
709	2988	1	0.047219194
709	3869	0	0.0
709	2990	0	0.0
709	2593	1	0.0
710	2059	1	0.0
710	2701	0	0.0
710	3370	1	0.0
710	4763	0	0.0
710	2221	0	0.0
711	2497	1	0.040893175
711	3999	1	0.027500385
711	2397	1	0.0
711	2322	1	0.0
712	5633	0	0.0
712	2556	0	0.0
713	5006	0	0.02128453
713	2613	1	0.0
713	3624	1	0.0
714	2027	1	0.060214132
715	3450	0	0.02179653
715	3865	1	0.0
716	2720	1	0.0
716	6890	0	0.0
717	2304	1	0.016262252
717	2083	1	0.014710449
717	4483	1	0.0
718	2261	0	0.037449263
718	3547	0	0.0
718	2295	1	0.0
718	2222	0	0.0
718	9968	0	0.0
719	4818	1	0.09181784
719	3349	1	0.04705639
720	2192	1	0.0
721	2957	1	0.0
723	9962	0	0.042105313
724	3454	0	0.0
724	2700	0	0.0
724	2083	0	0.0
725	2292	0	0.0
728	3381	0	0.0
728	2739	0	0.0
729	2973	0	0.0
729	2255	1	0.0
729	2214	0	0.0
731	2223	0	0.027037136
731	2201	1	0.017376937
731	6890	0	0.0
732	3233	1	0.0
732	2851	1	0.0
732	3070	1	0.0
733	2323	0	0.030025385
733	2261	1	0.0
733	2371	1	0.0
734	6707	0	0.06500908
734	10179	1	0.042909674
734	3450	1	0.02179653
734	2285	1	0.0
734	7144	0	0.0
735	2153	1	0.016518924
735	2593	1	0.0133597115
735	2710	1	0.0
736	4815	1	0.022879122
736	3663	1	0.014843446
736	5296	0	0.0
736	2511	0	0.0
736	2482	0	0.0
737	2538	0	0.0
737	4506	0	0.0
737	2201	0	0.0
738	2221	1	0.01900257
738	3349	0	0.0
739	2322	0	0.0
739	2292	1	0.0
741	3095	1	0.013713782
742	10475	1	0.0
742	3008	1	0.0
743	2928	0	0.024835665
743	2701	1	0.0
744	2279	0	0.0
745	4011	0	0.13028535
746	2449	1	0.0
747	2610	0	0.052291755
748	11943	0	0.0
748	2371	1	0.0
748	5243	0	0.0
750	2322	0	0.0
751	2295	0	0.0
751	2322	0	0.0
751	2371	0	0.0
752	2371	0	0.009497087
754	2223	0	0.009761459
754	2506	1	0.0
755	2083	1	0.029257203
755	2449	0	0.0
755	5059	0	0.0
756	2452	0	0.0
757	2286	0	0.013504913
757	2292	0	0.0
757	2899	0	0.0
757	2539	1	0.0
758	2153	1	0.0
759	3177	1	0.013419843
759	2469	0	0.0
759	3381	1	0.0
760	2049	0	0.0
762	2153	0	0.0
762	3222	1	0.0
763	3937	1	0.12739219
763	2265	1	0.1104915
763	12109	1	0.07543528
763	2261	1	0.0
764	9492	1	0.06264597
765	2418	1	0.049587645
765	2710	1	0.041693144
765	2703	1	0.02883923
765	2423	1	0.0
765	2548	1	0.0
766	3391	1	0.0
766	7294	1	0.0
766	8021	0	0.0
767	3454	0	0.0
767	3447	0	0.0
768	6372	1	0.06651821
769	5227	1	0.0
770	2616	1	0.08275172
770	2952	1	0.05079499
770	2596	1	0.0
771	4506	0	0.027423166
772	2149	1	0.0
772	2080	1	0.0
772	9691	1	0.0
773	3801	1	0.049005955
773	2934	1	0.027069302
773	3349	1	0.025345273
773	5388	1	0.0
774	5202	1	0.027810022
775	2909	0	0.018767353
775	4326	0	0.0
775	3370	0	0.0
775	2371	0	0.0
776	2300	0	0.0
777	2597	1	0.16734838
777	3728	0	0.04097301
777	3826	1	0.03963258
778	2739	1	0.0
778	3409	0	0.0
779	2482	1	0.069801256
779	2701	0	0.0
779	2531	1	0.0
779	2501	0	0.0
780	3769	1	0.025953274
780	2231	0	0.0
780	3109	0	0.0
780	2148	1	0.0
781	5037	0	0.0
787	3498	0	0.041870385
787	3023	1	0.021776889
787	2282	1	0.010359121
787	2311	1	0.0
787	2542	1	0.0
788	2230	1	0.039864827
788	2216	1	0.037530016
788	2423	1	0.023345673
788	4521	1	0.0
788	5393	1	0.0
789	2433	1	0.016699366
789	2955	1	0.0
791	2287	1	0.03933873
791	2286	1	0.025511328
791	2083	1	0.021168493
791	2380	0	0.0
792	2455	0	0.0
792	3510	0	0.0
793	2372	1	0.0
793	2299	0	0.0
793	2701	1	0.0
793	4439	1	0.0
794	4936	1	0.0
795	2848	1	0.03508873
795	3039	1	0.030875381
795	2078	0	0.0
796	2422	0	0.015917463
796	2214	1	0.0
796	12375	0	0.0
796	2447	1	0.0
796	2703	0	0.0
799	3991	1	0.0316165
800	5452	1	0.08543024
800	9293	1	0.0
801	3476	0	0.0
802	5949	0	0.08675771
802	5654	1	0.041335195
802	2223	1	0.033203423
802	2419	1	0.025036816
803	2222	1	0.0
803	3070	0	0.0
804	2700	0	0.012841358
804	3903	0	0.0
805	4032	0	0.0
805	2523	1	0.0
807	2214	1	0.0
807	2534	1	0.0
808	7034	1	0.0
809	2537	0	0.03708217
809	2323	0	0.0
809	2319	0	0.0
809	2290	0	0.0
809	3370	0	0.0
810	3289	1	0.0
810	2120	1	0.0
810	2060	0	0.0
810	4504	0	0.0
811	2455	1	0.019683244
811	3038	0	0.0
812	2726	1	0.026603479
812	3074	1	0.023876132
812	6697	1	0.0
814	2282	1	0.023987548
814	3028	0	0.0
815	4641	1	0.0
816	2538	0	0.015449217
816	2282	1	0.014722607
816	2380	0	0.0
816	2695	1	0.0
817	2319	1	0.009911692
817	2478	0	0.0
817	2304	0	0.0
818	2450	0	0.0
818	2292	0	0.0
818	2308	0	0.0
819	2695	0	0.010473575
819	2157	0	0.0
819	8165	0	0.0
819	2222	0	0.0
820	2157	1	0.017795628
823	2700	1	0.02900698
823	3070	0	0.0
823	4764	1	0.0
823	3357	1	0.0
826	2706	1	0.0
826	2701	1	0.0
826	2483	0	0.0
827	2221	0	0.0
828	2146	1	0.03665789
829	2251	0	0.0
829	3811	1	0.0
830	8311	1	0.1068492
831	2059	0	0.0
832	2701	0	0.0
832	2919	0	0.0
833	2709	0	0.0222185
833	2492	0	0.0
833	2959	0	0.0
833	7034	0	0.0
833	2716	0	0.0
834	2286	1	0.025511328
834	2304	1	0.021954676
834	2285	0	0.0
834	2469	0	0.0
835	2532	0	0.0
835	2530	1	0.0
836	2624	1	0.031312693
837	5508	1	0.044145368
837	3903	1	0.0
838	2192	1	0.014943658
838	2531	0	0.0
839	2542	0	0.0
841	3801	1	0.06776823
841	2701	1	0.034709428
842	3235	0	0.0
842	2973	1	0.0
842	3109	0	0.0
843	3268	0	0.0
843	3290	1	0.0
845	2305	0	0.0
848	3854	1	0.024922643
848	2681	0	0.023087298
848	2371	1	0.021638893
848	3857	1	0.0
849	2469	1	0.0
850	5144	1	0.024759412
850	9226	1	0.0
852	2778	1	0.09385988
852	5040	0	0.0356301
852	3235	1	0.0
852	7115	1	0.0
852	2148	1	0.0
853	5252	1	0.0
856	2192	1	0.0
856	2720	1	0.0
857	2282	0	0.025081728
857	4820	0	0.0
857	8071	0	0.0
858	2435	0	0.0
858	6187	0	0.0
859	5890	1	0.0
860	2426	0	0.0
860	6300	0	0.0
860	2710	1	0.0
860	2960	1	0.0
862	3294	1	0.09797317
862	2027	1	0.048003264
864	2372	1	0.0
865	6984	1	0.030344082
865	2203	1	0.013090355
865	2814	0	0.0
866	8077	0	0.0
866	2842	1	0.0
866	5256	0	0.0
868	2282	1	0.028399397
869	6035	1	0.0
870	2531	0	0.0
870	3177	0	0.0
871	8080	1	0.0
871	4755	1	0.0
871	7086	1	0.0
871	2148	1	0.0
872	3091	1	0.0830226
873	2013	0	0.0
873	2153	0	0.0
875	3746	0	0.06782852
875	2422	0	0.0
875	4016	1	0.0
876	2318	0	0.018619725
876	2222	0	0.009714232
877	2992	1	0.025071269
877	5252	1	0.0
877	2027	0	0.0
878	3817	0	0.0
879	8476	0	0.11560915
879	2261	0	0.09212081
880	3178	1	0.0
881	2148	0	0.0
881	2059	0	0.0
881	2052	0	0.0
881	3375	1	0.0
882	2322	0	0.0
883	3230	1	0.0
884	2157	1	0.0
885	3926	0	0.0
886	3038	1	0.017642261
886	2157	0	0.0
886	8311	0	0.0
887	2286	1	0.03461872
889	2433	1	0.0
889	6105	0	0.0
889	2504	1	0.0
889	2492	0	0.0
889	6117	0	0.0
890	4124	1	0.0417037
890	3391	1	0.0
891	4431	0	0.0
891	2160	1	0.0
892	2702	1	0.0
892	3037	1	0.0
893	3699	0	0.0
894	2635	1	0.032607034
894	2282	1	0.023770742
894	2285	1	0.0
895	5037	0	0.0
896	2853	0	0.0
896	2960	0	0.0
898	2538	1	0.0
900	2216	1	0.0
901	4648	1	0.0
902	2469	1	0.038201742
902	2327	0	0.0
903	2519	1	0.014608093
903	2049	0	0.011650591
903	2354	0	0.0
903	2322	0	0.0
903	2327	0	0.0
904	3136	1	0.0
905	2286	1	0.013504913
906	2200	1	0.0
907	2593	0	0.013472221
907	2597	0	0.0
908	3769	0	0.0
908	2505	0	0.0
909	2832	1	0.0
909	2435	1	0.0
911	2300	0	0.011875777
911	2322	0	0.0
911	2478	0	0.0
911	3449	0	0.0
913	2325	1	0.022444166
913	2148	1	0.010011591
914	2889	0	0.0
914	2083	0	0.0
915	2059	1	0.01823958
915	2455	1	0.01776746
916	2185	1	0.0
916	2327	0	0.0
917	2317	1	0.048892487
917	2285	1	0.013872782
917	2169	1	0.0
918	2570	0	0.04755035
918	2317	1	0.0
918	2222	0	0.0
921	2255	1	0.06808367
921	2221	1	0.008371573
921	2323	0	0.0
921	2310	1	0.0
921	2225	1	0.0
922	5534	1	0.0998141
922	10171	0	0.0
922	3450	0	0.0
922	2449	1	0.0
923	2423	0	0.022232637
924	2397	1	0.0
924	3366	1	0.0
925	2079	1	0.054750744
925	4332	0	0.03655915
925	3845	1	0.0
925	4509	1	0.0
926	3185	0	0.02517858
926	6301	0	0.0
927	3090	0	0.0
927	3663	0	0.0
927	3153	0	0.0
927	13355	1	0.0
927	8311	1	0.0
929	2894	0	0.0
930	6093	1	0.0772933
931	4641	1	0.0
931	4266	1	0.0
932	2305	0	0.05178439
932	2155	1	0.035952065
932	2319	1	0.0327826
932	2049	1	0.011650591
932	2304	0	0.0
933	2497	1	0.040002562
933	2806	1	0.0
934	6917	1	0.057517286
934	2292	1	0.0
934	3222	1	0.0
935	2251	1	0.0
936	2157	1	0.030786872
936	3094	0	0.013501009
936	2153	0	0.0
937	2538	1	0.014796428
937	2593	0	0.0
938	2327	1	0.0
938	2695	0	0.0
939	2492	0	0.0
939	2530	1	0.0
940	3403	1	0.053066917
941	7477	0	0.034511995
941	2192	1	0.011541492
941	3454	0	0.0
942	2235	0	0.0513849
942	2295	0	0.040081114
942	2300	0	0.011875777
943	2203	1	0.039236747
943	2492	1	0.008621158
944	2984	1	0.036824282
944	2593	1	0.0
944	2046	0	0.0
944	6522	0	0.0
944	13450	1	0.0
945	10694	1	0.0
946	2593	0	0.012715766
946	2221	1	0.0062675388
946	2561	1	0.0
947	3446	0	0.030948548
947	9685	0	0.0
947	2334	1	0.0
948	2700	0	0.0
948	2539	0	0.0
949	5814	0	0.0
950	2424	0	0.0
950	2842	1	0.0
951	8904	1	0.27672058
951	7324	1	0.030028867
952	2984	1	0.13802078
952	3874	1	0.036157478
952	3053	1	0.0
953	5064	0	0.0
953	2325	1	0.0
953	9188	0	0.0
954	4348	1	0.08910771
954	3171	1	0.031503733
954	2350	0	0.0
954	2203	1	0.0
954	5012	1	0.0
955	2973	0	0.0
955	2701	1	0.0
955	2327	1	0.0
955	2059	0	0.0
957	5393	0	0.050776962
958	2286	1	0.013504913
958	2525	0	0.0
959	2148	1	0.008808607
960	2423	1	0.022232637
960	2433	0	0.0140456725
960	2148	1	0.0
960	2050	0	0.0
960	3495	1	0.0
963	2221	0	0.0
963	7301	1	0.0
964	2049	0	0.017296864
964	2050	0	0.0
965	3949	0	0.08503644
965	2231	0	0.0
965	4820	1	0.0
967	2251	0	0.0
967	2354	0	0.0
968	2522	0	0.0
969	2338	1	0.045675993
969	2452	1	0.042707697
969	2298	0	0.0
972	5403	1	0.029840054
972	8582	1	0.024037264
973	3415	1	0.02501272
973	2593	0	0.0
974	3151	0	0.0
975	2282	0	0.029206164
975	2894	0	0.0
975	2292	0	0.0
977	5407	0	0.06398696
977	2599	1	0.0
977	2483	0	0.0
977	2799	0	0.0
978	2214	0	0.0
979	5296	1	0.0
980	2322	1	0.01944195
980	2519	0	0.0
980	3053	0	0.0
981	2455	1	0.019683244
981	2492	0	0.011217722
981	2310	0	0.0
981	4506	0	0.0
981	2290	0	0.0
982	9941	1	0.040787224
982	11200	1	0.0
982	2579	0	0.0
982	2200	1	0.0
982	2729	1	0.0
983	2252	0	0.0
983	2710	0	0.0
984	2153	1	0.0126187
984	4504	1	0.0
985	9886	1	0.0
987	2531	0	0.05557464
987	5993	0	0.04527165
988	2695	0	0.00982073
988	2433	0	0.0
989	3039	0	0.04085303
989	3391	0	0.0
990	2419	1	0.0
991	2530	1	0.02584668
991	2952	1	0.022959298
991	2285	1	0.016410962
991	2059	1	0.01459958
991	2327	1	0.010972711
992	3088	1	0.050411813
992	2201	1	0.0
994	5338	0	0.0
994	10120	0	0.0
994	3235	0	0.0
994	8458	0	0.0
995	2202	1	0.0812066
995	6045	1	0.0
995	2606	0	0.0
995	3508	0	0.0
996	3192	0	0.031556606
996	2492	1	0.015390033
996	2327	1	0.0
997	2148	1	0.0
997	3698	1	0.0
997	3877	1	0.0
997	3286	1	0.0
997	3968	1	0.0
999	2492	1	0.0
999	7083	1	0.0
999	2285	0	0.0
999	4755	1	0.0
1000	2295	1	0.020737026
1000	2311	0	0.0
1001	2828	1	0.036948644
1001	3095	1	0.0
1002	2709	1	0.0222185
1003	2894	0	0.0
1003	3454	0	0.0
1003	3366	0	0.0
1004	3235	1	0.0
1004	3374	1	0.0
1004	3230	1	0.0
1004	3222	1	0.0
1005	2053	0	0.023992207
1005	2153	0	0.011709036
1005	2710	1	0.0
1005	2221	0	0.0
1005	2703	0	0.0
1006	5090	0	0.0
1006	10656	1	0.0
1008	2052	1	0.024579713
1008	2049	1	0.016847074
1008	2532	0	0.0
1008	3477	0	0.0
1008	2461	0	0.0
1010	2251	1	0.048212335
1010	8244	0	0.0
1010	2473	1	0.0
1010	8814	0	0.0
1011	2295	1	0.0
1011	2245	0	0.0
1011	5534	0	0.0
1011	2539	0	0.0
1011	2455	1	0.0
1012	2797	1	0.052875202
1012	9481	0	0.0
1012	4335	0	0.0
1013	3968	0	0.0
1014	2282	1	0.0382543
1014	2519	1	0.014608093
1014	2372	1	0.0
1014	2285	0	0.0
1014	2459	1	0.0
1015	2501	1	0.0
1017	2216	0	0.0
1017	2214	0	0.0
1018	5281	1	0.16864517
1018	2308	1	0.120235965
1018	3535	1	0.07420701
1018	2476	1	0.065298416
1018	9188	1	0.059156533
1021	6592	1	0.107911244
1022	2419	1	0.0
1022	4554	0	0.0
1024	2902	0	0.038850963
1026	2315	0	0.045608956
1026	7828	0	0.0
1026	2681	0	0.0
1028	2695	1	0.00982073
1028	2522	1	0.0
1029	3877	1	0.03774163
1030	3663	1	0.014843446
1030	2483	1	0.0
1030	2251	0	0.0
1030	2214	1	0.0
1031	7801	1	0.0
1031	2292	1	0.0
1032	3415	1	0.0
1032	2064	0	0.0
1032	2492	1	0.0
1033	2455	1	0.03330184
1033	2286	1	0.013504913
1034	2282	1	0.029206164
1034	2319	1	0.009911692
1034	3441	0	0.0
1034	2455	1	0.0
1034	2695	1	0.0
1035	2201	1	0.017376937
1035	2695	0	0.0
1035	4580	0	0.0
1035	2157	1	0.0
1036	2561	1	0.0
1037	3023	0	0.014624
1037	3028	0	0.0
1037	2880	0	0.0
1037	2304	0	0.0
1038	5285	1	0.0123531185
1039	2279	1	0.020124188
1039	2695	1	0.00982073
1039	5797	0	0.0
1039	2635	1	0.0
1039	2235	1	0.0
1040	3416	0	0.04453083
1040	2221	1	0.01635398
1040	2148	1	0.0
1041	2452	1	0.0
1041	2450	1	0.0
1042	2593	1	0.0
1042	3146	0	0.0
1042	2697	1	0.0
1043	4957	1	0.061291367
1043	2449	1	0.034002036
1043	8985	0	0.0
1043	2285	0	0.0
1044	4874	1	0.191826
1044	2722	1	0.0933186
1045	2674	1	0.011467128
1045	3449	0	0.0
1045	2292	0	0.0
1045	7145	0	0.0
1046	2702	0	0.0
1047	2948	0	0.08447203
1047	2371	0	0.009497087
1047	3991	1	0.0
1049	2842	1	0.0
1050	4427	1	0.1535353
1050	2350	1	0.12960325
1050	4421	0	0.08834639
1050	7145	1	0.05075131
1051	3800	1	0.05995471
1051	5210	0	0.0
1052	3501	1	0.0
1053	2053	1	0.017034061
1053	2469	1	0.0
1053	6003	1	0.0
1056	2153	1	0.0
1057	2192	1	0.011541492
1057	2351	1	0.0
1057	2484	0	0.0
1060	2203	0	0.024085142
1060	4820	0	0.0
1061	2083	1	0.0
1062	2174	0	0.0
1062	2078	0	0.0
1062	2053	0	0.0
1063	3700	0	0.0
1064	3704	0	0.0
1064	2214	1	0.0
1064	2505	1	0.0
1064	2984	0	0.0
1067	4641	0	0.033450097
1067	2292	1	0.01193012
1067	3230	0	0.0
1067	5037	1	0.0
1067	2397	1	0.0
1069	2894	0	0.0
1070	2709	1	0.0222185
1070	2053	1	0.0
1070	2992	1	0.0
1070	3700	1	0.0
1070	4121	1	0.0
1071	2726	1	0.022990042
1074	2469	0	0.0
1074	3506	0	0.0
1074	2201	1	0.0
1074	2473	0	0.0
1075	9685	0	0.046975657
1075	2695	0	0.00982073
1075	9962	1	0.0
1076	3393	1	0.0
1076	5279	0	0.0
1077	5222	1	0.033719078
1077	5243	1	0.0
1077	5181	1	0.0
1077	2852	1	0.0
1078	2597	1	0.044093363
1078	3391	0	0.0
1079	4830	1	0.0
1082	2880	1	0.03680238
1082	2906	1	0.027027424
1082	2279	1	0.020124188
1082	2538	1	0.01422552
1082	7642	0	0.0
1083	3700	1	0.027984856
1083	3892	1	0.0
1083	2729	1	0.0
1084	4504	1	0.046584304
1084	3400	1	0.045444883
1084	2282	1	0.029206164
1085	2300	0	0.011875777
1085	3023	1	0.0
1085	2322	0	0.0
1086	2050	1	0.02406854
1086	2064	0	0.0
1086	2204	1	0.0
1087	4429	1	0.0
1088	2505	0	0.0
1088	2418	0	0.0
1090	6810	0	0.054947227
1091	3949	1	0.0
1092	3865	1	0.0
1093	2287	0	0.03201421
1093	5460	0	0.014753265
1093	3449	0	0.0
1094	4504	1	0.030627534
1094	2221	1	0.0068691303
1094	2522	1	0.0
1094	3391	1	0.0
1094	2319	0	0.0
1096	2222	0	0.0
1096	3113	1	0.0
1096	2505	1	0.0
1096	2848	0	0.0
1096	3510	0	0.0
1097	2505	1	0.024453199
1097	2593	1	0.0
1097	2223	1	0.0
1097	2064	1	0.0
1098	2597	1	0.0997308
1098	2148	1	0.0
1102	5844	0	0.0
1102	5756	1	0.0
1102	3890	0	0.0
1102	4475	0	0.0
1103	2984	0	0.074919224
1103	2221	1	0.0074383724
1104	2414	1	0.0
1104	5242	1	0.0
1104	2865	1	0.0
1105	2973	0	0.0
1106	3286	0	0.0
1106	3289	0	0.0
1107	4947	0	0.0
1108	2953	1	0.056759562
1108	2420	0	0.0
1109	10668	1	0.018615492
1109	3170	1	0.0
1110	3956	1	0.028122574
1111	2178	1	0.018061416
1111	2310	1	0.016887072
1111	6351	1	0.0
1111	5632	0	0.0
1111	2201	1	0.0
1112	3415	1	0.0
1112	2540	0	0.0
1113	3183	1	0.05993707
1114	2473	1	0.09292802
1114	2897	1	0.0776318
1114	6890	1	0.023153242
1114	2299	0	0.018505987
1114	2083	1	0.0
1115	6285	1	0.034001984
1115	2729	1	0.018166268
1116	8904	1	0.31178722
1116	4844	1	0.24150348
1116	8040	1	0.0
1117	2093	1	0.0
1117	2505	1	0.0
1117	3704	1	0.0
1117	2153	1	0.0
1118	2255	0	0.041328125
1118	4032	0	0.03454985
1118	2286	1	0.012006414
1118	2083	0	0.0
1119	2435	1	0.0
1122	3235	1	0.0
1123	2435	1	0.014520187
1123	2849	0	0.0
1124	2050	1	0.0
1124	2380	0	0.0
1124	2780	1	0.0
1126	2701	1	0.0
1126	2371	1	0.0
1126	8944	1	0.0
1126	2597	1	0.0
1127	3095	1	0.0
1127	6281	0	0.0
1128	2202	1	0.059315573
1129	2148	1	0.008275165
1129	2419	1	0.0
1130	2157	1	0.034522608
1130	8582	1	0.024037264
1130	2603	1	0.0
1131	2426	0	0.0
1132	3109	1	0.0
1132	3349	1	0.0
1133	2148	1	0.0
1134	2593	1	0.0
1134	2292	0	0.0
1135	6139	1	0.03363079
1135	6178	1	0.028501641
1135	2492	1	0.008621158
1135	5693	1	0.0
1135	5304	0	0.0
1136	2178	0	0.0
1137	2286	1	0.025511328
1137	2695	0	0.00982073
1137	2185	0	0.0
1139	4478	1	0.06726945
1139	5407	1	0.04651681
1139	3349	1	0.0
1139	3698	1	0.0
1140	3033	0	0.0
1140	2537	0	0.0
1141	2739	1	0.0
1142	3746	0	0.038072757
1142	2953	1	0.0
1142	5037	0	0.0
1144	2843	0	0.0
1144	6072	1	0.0
1145	2530	0	0.038817156
1145	8124	0	0.0
1145	4774	0	0.0
1145	2942	1	0.0
1145	8165	0	0.0
1146	3503	1	0.0
1146	3391	1	0.0
1146	2616	0	0.0
1148	2282	0	0.025081728
1148	2049	1	0.0
1149	3342	0	0.0
1149	3746	1	0.0
1150	2435	1	0.01673205
1150	2053	0	0.0
1152	3349	0	0.04705639
1152	2848	0	0.0
1153	5678	0	0.044370875
1153	2247	0	0.0
1153	3374	0	0.0
1155	3381	0	0.0
1155	2286	1	0.0
1156	2223	1	0.0
1156	2153	1	0.0
1158	3630	1	0.023828935
1158	3113	0	0.0
1158	10393	1	0.0
1158	13340	0	0.0
1159	4511	1	0.031538483
1159	3230	1	0.0
1160	3039	1	0.03535369
1160	2890	1	0.031555515
1160	2223	1	0.01786501
1160	2214	0	0.009600043
1160	3038	0	0.0
1161	2319	0	0.009911692
1161	2326	0	0.0
1162	3409	1	0.0
1162	2211	1	0.0
1162	2894	0	0.0
1163	2282	0	0.010359121
1163	2461	0	0.0
1163	2902	0	0.0
1164	2729	1	0.020908808
1165	2059	1	0.0090569025
1166	2282	0	0.023987548
1166	2318	1	0.018619725
1166	3581	1	0.0
1167	4648	1	0.15522966
1168	2435	1	0.01673205
1168	3949	1	0.0
1168	5242	1	0.0
1173	3824	0	0.045264546
1173	2177	0	0.0
1174	3039	1	0.0183552
1174	2455	1	0.01776746
1174	3391	1	0.0
1174	5460	1	0.0
1174	6210	1	0.0
1175	2397	1	0.0
1175	6963	1	0.0
1175	3170	1	0.0
1176	3033	0	0.024135951
1177	3746	0	0.038072757
1179	3450	0	0.02179653
1179	2695	0	0.00982073
1179	2478	0	0.0
1179	2897	0	0.0
1179	2304	0	0.0
1180	2900	1	0.0
1180	2157	0	0.0
1181	2449	0	0.022050729
1182	2245	0	0.0
1182	2287	0	0.0
1182	2083	1	0.0
1182	2897	1	0.0
1183	2710	0	0.041693144
1183	7324	0	0.0
1185	6701	1	0.02000325
1186	2300	0	0.011875777
1186	2894	0	0.0
1188	2285	1	0.0
1188	2247	0	0.0
1188	3450	0	0.0
1189	2506	1	0.0
1189	3403	1	0.0
1189	2701	0	0.0
1189	3109	1	0.0
1190	2338	0	0.0
1190	2251	0	0.0
1190	8166	0	0.0
1191	2311	0	0.062491752
1191	2286	1	0.022612307
1191	2083	0	0.014710449
1191	2479	0	0.0
1192	2485	0	0.02666323
1192	2203	0	0.0
1193	7301	1	0.0
1193	3409	1	0.0
1195	2455	1	0.019683244
1195	2221	1	0.0
1195	2285	0	0.0
1195	3624	1	0.0
1196	2292	1	0.016322253
1196	2540	1	0.0
1196	2538	0	0.0
1197	3391	1	0.020650217
1197	2222	0	0.0
1197	7660	0	0.0
1198	4801	0	0.031061424
1198	2418	1	0.016814964
1198	2221	1	0.013136669
1198	8536	0	0.0
1198	6167	1	0.0
1199	4454	1	0.0
1199	4136	1	0.0
1200	3857	0	0.087512024
1200	2534	0	0.018466258
1200	2203	0	0.015151607
1200	3230	0	0.0
1200	2681	1	0.0
1201	2377	1	0.0
1202	2220	1	0.030267887
1202	8586	1	0.0
1202	15330	0	0.0
1203	3018	0	0.19314907
1204	5221	1	0.049071517
1204	9200	1	0.04452123
1206	3403	1	0.032439135
1207	2284	1	0.04710045
1207	2319	1	0.0322845
1210	3699	1	0.0
1210	3495	0	0.0
1211	2157	1	0.0
1211	3095	0	0.0
1212	2223	1	0.01786501
1212	2221	0	0.0068691303
1212	2285	1	0.0
1212	2292	1	0.0
1212	2703	0	0.0
1213	2418	1	0.016814964
1213	2221	1	0.0068691303
1213	2959	0	0.0
1213	3230	0	0.0
1213	2211	0	0.0
1215	2441	0	0.0
1216	2377	0	0.025217168
1216	2700	1	0.013331364
1217	3233	1	0.0
1218	2397	0	0.0
1220	2350	0	0.076804906
1220	3438	1	0.050538994
1220	2327	1	0.006392355
1220	3034	0	0.0
1220	9188	1	0.0
1221	2611	1	0.0
1222	3341	0	0.07249022
1222	2050	1	0.0
1222	4347	0	0.0
1222	2090	1	0.0
1222	2220	1	0.0
1224	3852	0	0.0
1224	2222	1	0.0
1225	4955	0	0.0
1225	3186	1	0.0
1225	2825	0	0.0
1226	2222	1	0.027911637
1226	2435	1	0.0
1228	2286	1	0.013504913
1228	2305	0	0.0
1229	4475	1	0.0
1230	8057	0	0.0
1231	7315	1	0.0
1231	2214	1	0.0
1232	2848	0	0.04121506
1233	6350	1	0.013118824
1233	3698	0	0.0
1234	4844	1	0.1646945
1234	3235	1	0.022192685
1234	2548	0	0.0
1235	2906	1	0.027027424
1235	2083	1	0.021168493
1236	3230	0	0.0
1236	2149	1	0.0
1237	5195	1	0.0
1238	3691	0	0.0
1238	2223	0	0.0
1238	2153	0	0.0
1238	2898	0	0.0
1239	3438	0	0.0
1239	2397	0	0.0
1240	3090	0	0.0
1240	2534	1	0.0
1241	2422	0	0.05942929
1241	2482	1	0.02396147
1241	2083	0	0.006463871
1241	10620	0	0.0
1241	2059	1	0.0
1242	6093	1	0.0772933
1242	2211	0	0.0
1242	2471	0	0.0
1242	2372	1	0.0
1243	2519	0	0.027271982
1243	2700	0	0.0
1244	11482	1	0.0
1245	2532	1	0.020976705
1245	2214	0	0.0
1246	3178	0	0.04755415
1246	3849	1	0.0
1246	6178	0	0.0
1247	2225	1	0.028442405
1247	2739	1	0.0
1248	2899	0	0.071294
1248	2777	1	0.06299297
1248	2285	1	0.038912244
1248	2315	0	0.01766155
1248	2542	1	0.0
1249	3171	1	0.07079002
1249	3136	0	0.04127133
1249	2492	0	0.016982999
1249	4135	0	0.0
1249	2214	1	0.0
1250	2059	1	0.007568193
1250	2505	0	0.0
1250	8775	1	0.0
1252	3415	0	0.0
1253	2519	1	0.027271982
1254	2285	0	0.014033328
1254	2315	0	0.012414657
1254	4506	0	0.0
1255	3158	1	0.0
1256	3366	1	0.04350579
1256	6301	1	0.0
1256	4504	1	0.0
1257	2282	1	0.014722607
1257	2414	0	0.0
1257	2540	1	0.0
1257	2201	0	0.0
1258	3039	1	0.012477496
1258	2418	0	0.0
1258	2225	1	0.0
1258	5037	1	0.0
1259	2157	0	0.030786872
1259	2083	0	0.0
1260	3244	1	0.0
1261	2729	0	0.0
1261	2697	0	0.0
1262	3928	1	0.05967132
1262	3396	1	0.0
1262	3233	0	0.0
1265	2957	1	0.015968582
1266	3441	0	0.0
1266	2537	0	0.0
1266	2455	1	0.0
1267	2530	1	0.0
1267	3072	1	0.0
1268	3630	0	0.076207995
1268	2435	0	0.01673205
1268	2423	0	0.0
1269	7823	1	0.009253554
1269	2371	1	0.0
1269	3173	1	0.0
1270	2148	1	0.0
1271	5221	1	0.06454645
1271	2703	0	0.0
1271	2710	0	0.0
1271	2201	1	0.0
1272	2220	1	0.0
1273	3368	0	0.038186207
1273	2548	0	0.0
1273	8775	0	0.0
1275	4421	0	0.09907778
1275	3450	1	0.02179653
1275	2083	0	0.013626108
1275	3438	0	0.0
1276	3403	0	0.017103255
1276	6555	1	0.0
1277	2282	1	0.042882953
1277	3446	0	0.030948548
1277	2203	0	0.0
1277	3028	0	0.0
1277	2452	0	0.0
1278	4830	1	0.03709293
1278	2484	0	0.0
1278	4641	0	0.0
1278	2799	1	0.0
1278	5998	1	0.0
1279	2223	1	0.01786501
1279	2421	0	0.0
1279	2211	1	0.0
1280	2530	1	0.0
1280	3178	1	0.0
1281	8124	1	0.0
1281	2325	1	0.0
1281	2483	1	0.0
1281	13355	0	0.0
1281	3368	1	0.0
1282	2441	1	0.0
1282	2201	1	0.0
1282	7800	1	0.0
1282	2849	0	0.0
1283	2593	1	0.0
1283	2149	1	0.0
1284	2534	1	0.0
1284	8071	1	0.0
1284	2540	0	0.0
1284	2050	0	0.0
1285	2338	1	0.020826308
1285	2475	0	0.0
1287	5037	1	0.0
1287	3100	0	0.0
1288	3235	1	0.0
1289	3289	0	0.048510212
1289	3700	1	0.0
1290	3272	0	0.03564764
1290	2806	1	0.0
1290	4841	0	0.0
1291	2083	1	0.014710449
1291	2319	1	0.0
1292	2703	0	0.0
1292	2973	1	0.0
1292	8171	1	0.0
1293	2782	1	0.0
1293	3455	0	0.0
1295	2251	1	0.0
1295	2202	1	0.0
1296	2282	0	0.024842678
1296	2304	0	0.0
1296	11664	0	0.0
1296	2520	0	0.0
1296	2285	0	0.0
1297	4004	0	0.0
1297	2303	0	0.0
1298	3023	0	0.014624
1298	2371	0	0.01249563
1299	2433	0	0.058050174
1300	3663	0	0.0
1300	2146	0	0.0
1302	2201	1	0.017376937
1302	3403	1	0.0
1302	2397	0	0.0
1303	2814	1	0.096395105
1303	7841	1	0.0
1303	4830	1	0.0
1304	2700	1	0.013331364
1304	2722	1	0.0
1304	3235	1	0.0
1304	2942	1	0.0
1305	2501	1	0.03145462
1305	2534	1	0.02829045
1305	2327	1	0.010972711
1305	8458	0	0.0
1306	2387	0	0.09058238
1306	4783	0	0.0045142197
1306	3547	0	0.0
1307	6351	1	0.0
1308	2327	0	0.0
1308	2338	0	0.0
1308	2285	1	0.0
1308	2449	0	0.0
1309	2469	0	0.0
1310	10668	0	0.0047504012
1310	5037	0	0.0
1311	2301	0	0.029401237
1311	2957	0	0.0
1311	2336	1	0.0
1311	2394	0	0.0
1312	7833	1	0.0
1313	2290	0	0.0
1314	2089	0	0.0
1314	4454	0	0.0
1315	3450	0	0.02179653
1315	2083	1	0.021168493
1315	8551	0	0.0
1317	2285	0	0.0
1317	2308	0	0.0
1317	2525	0	0.0
1317	2469	1	0.0
1318	2282	1	0.03368528
1318	2327	1	0.030163959
1318	2295	0	0.020737026
1318	2894	1	0.0
1318	2300	0	0.0
1319	2701	0	0.0
1319	2191	1	0.0
1319	2598	1	0.0
1319	3141	1	0.0
1321	2083	1	0.014710449
1322	6621	1	0.0
1322	3926	0	0.0
1323	2155	0	0.0
1325	2899	1	0.07763912
1325	2450	0	0.03518738
1325	2286	1	0.03461872
1325	2292	1	0.01291265
1325	2894	1	0.0
1327	3403	0	0.030930385
1327	3391	0	0.0
1327	2973	0	0.0
1327	2681	0	0.0
1328	2191	1	0.0276805
1328	2703	1	0.02347123
1328	2050	0	0.0
1329	2282	0	0.028160345
1329	3845	0	0.0
1332	2177	1	0.0
1332	2064	1	0.0
1333	2300	0	0.011875777
1333	5279	1	0.0
1333	2279	0	0.0
1334	2538	1	0.0115493545
1334	2681	1	0.0
1336	3449	0	0.01895991
1336	2327	0	0.012370053
1336	2284	1	0.0
1337	2814	1	0.11156377
1337	2483	1	0.0
1338	3381	0	0.0
1338	2318	1	0.0
1340	3664	1	0.0
1341	2831	1	0.0
1341	6100	0	0.0
1341	3538	1	0.0
1341	2973	1	0.0
1341	9108	1	0.0
1342	2083	0	0.0
1343	2423	1	0.074394755
1343	2593	1	0.013472221
1343	2426	0	0.0
1343	2371	0	0.0
1347	5256	1	0.0
1347	2519	1	0.0
1347	2222	0	0.0
1348	2300	1	0.011875777
1348	2356	1	0.0
1350	2223	1	0.01786501
1350	2221	1	0.0068691303
1350	2203	1	0.0
1352	2992	1	0.025071269
1352	3704	1	0.0
1352	4121	0	0.0
1354	3004	0	0.0
1356	8025	0	0.0
1358	2078	1	0.0
1358	2153	1	0.0
1359	6957	0	0.0
1359	2960	0	0.0
1362	2593	0	0.0
1364	2050	1	0.0
1365	2201	1	0.0
1366	2083	0	0.014710449
1366	3028	0	0.0
1368	2052	1	0.0
1368	2891	0	0.0
1369	4919	1	0.044062812
1370	2149	0	0.0
1371	2288	1	0.0776747
1371	2323	1	0.020704249
1372	2603	1	0.0
1372	2216	0	0.0
1372	4613	1	0.0
1373	2681	0	0.039319035
1373	2957	0	0.0
1373	3845	1	0.0
1374	2714	0	0.0
1375	2315	0	0.030076206
1375	6704	1	0.021811929
1375	2282	1	0.019624062
1375	3438	0	0.0
1375	3449	0	0.0
1376	3403	0	0.017103255
1376	2221	1	0.008915608
1376	3368	0	0.0
1376	3391	1	0.0
1377	4608	0	0.0
1377	2035	1	0.0
1377	11252	1	0.0
1378	2788	1	0.086174846
1378	2083	1	0.021168493
1378	2351	0	0.0
1379	5851	1	0.0
1380	3442	0	0.048688505
1380	2308	1	0.041862234
1380	2155	0	0.0
1380	3447	0	0.0
1383	2519	1	0.0
1384	2251	1	0.04821945
1385	11482	0	0.0
1386	2492	1	0.027919158
1386	2534	1	0.027214488
1386	2318	1	0.018619725
1386	3857	0	0.0
1386	2424	1	0.0
1387	2700	0	0.0135528855
1387	2815	0	0.0
1387	3330	0	0.0
1387	2511	0	0.0
1388	3038	0	0.0
1388	2083	0	0.0
1389	2842	0	0.0
1389	2200	0	0.0
1390	5438	1	0.033259388
1390	2221	1	0.0068691303
1390	2980	1	0.0
1392	6622	1	0.0
1392	2052	1	0.0
1393	5265	0	0.0
1393	2598	1	0.0
1394	2919	0	0.0
1394	2168	0	0.0
1395	2240	1	0.032668814
1395	2674	0	0.010648924
1395	4641	1	0.0
1395	2177	0	0.0
1395	3186	1	0.0
1396	2059	1	0.0090569025
1396	2221	1	0.008371573
1396	2419	1	0.0
1396	2960	0	0.0
1396	2444	1	0.0
1397	2148	1	0.0187537
1397	2423	1	0.015907997
1397	2541	1	0.0
1397	2894	0	0.0
1398	7841	1	0.0
1398	2371	0	0.0
1398	4586	0	0.0
1399	4507	0	0.030541994
1399	5438	1	0.0
1399	2165	1	0.0
1400	2153	1	0.011652716
1400	3090	1	0.0
1400	3877	1	0.0
1401	2478	1	0.024671655
1402	2532	0	0.0
1403	2201	1	0.029547073
1404	2288	1	0.04648134
1404	2305	0	0.02101845
1404	2695	1	0.020294305
1404	2322	0	0.0
1405	4604	0	0.0
1405	4755	1	0.0
1405	2954	1	0.0
1406	2597	1	0.14917669
1406	3826	1	0.03963258
1406	10309	0	0.0
1407	2282	0	0.014722607
1407	2165	0	0.0
1407	2071	0	0.0
1408	2452	1	0.015248145
1408	2371	0	0.0
1408	2223	0	0.0
1408	2323	0	0.0
1409	2894	0	0.0
1410	2371	0	0.0
1411	3431	1	0.10761033
1411	4425	1	0.034443684
1411	10179	1	0.0
1412	2338	1	0.020826308
1412	2322	0	0.01944195
1413	2223	1	0.01786501
1413	6003	1	0.0
1413	2211	0	0.0
1413	2444	1	0.0
1413	2230	0	0.0
1414	2220	0	0.0
1414	3381	1	0.0
1414	3961	1	0.0
1414	2703	0	0.0
1414	2960	1	0.0
1415	2484	1	0.0
1416	3023	0	0.014550577
1416	2300	0	0.011875777
1416	6225	0	0.0
1416	3466	1	0.0
1417	3374	1	0.026665837
1417	2292	1	0.016322253
1417	2157	1	0.0
1418	2897	1	0.055692457
1418	2327	1	0.025168944
1418	4506	0	0.0
1419	2419	0	0.0
1420	2211	1	0.0
1420	2204	1	0.0
1420	2441	1	0.0
1420	2859	1	0.0
1421	4512	1	0.0
1421	2148	1	0.0
1422	2880	1	0.0
1423	2449	1	0.034002036
1423	2906	0	0.0
1424	2906	1	0.027027424
1424	2286	1	0.013504913
1425	3100	1	0.0
1425	2541	1	0.0
1425	2729	0	0.0
1425	3508	1	0.0
1426	2304	1	0.025100289
1426	2455	0	0.022531645
1426	2902	0	0.018387258
1428	2492	1	0.0
1428	3230	0	0.0
1428	6711	0	0.0
1429	3230	1	0.0
1429	5037	1	0.0
1429	3409	0	0.0
1430	2475	1	0.05011128
1430	2530	1	0.049401283
1430	6178	1	0.028501641
1430	6112	1	0.0
1431	5692	0	0.0
1433	3039	0	0.0
1434	5538	0	0.23870683
1434	3450	1	0.04441361
1436	2286	0	0.032573942
1436	2311	0	0.0
1437	2282	1	0.029206164
1437	2530	0	0.0
1438	2505	0	0.0
1438	2223	1	0.0
1439	2279	0	0.017130716
1439	2476	0	0.0
1440	2201	1	0.008692261
1440	2211	0	0.0
1440	3109	0	0.0
1441	2153	1	0.0
1442	2729	1	0.024968069
1442	4112	0	0.0
1442	4336	0	0.0
1442	9752	0	0.0
1443	3630	1	0.023828935
1443	2153	0	0.0
1443	2050	1	0.0
1445	2327	1	0.025168944
1445	2326	1	0.0
1445	3442	0	0.0
1446	5395	1	0.0
1448	2797	0	0.052875202
1448	5960	1	0.0
1449	2049	0	0.017296864
1449	2542	1	0.0
1449	2155	1	0.0
1450	2319	0	0.0322845
1451	2492	1	0.011217722
1452	2971	0	0.027864
1452	2222	1	0.009714232
1452	4506	1	0.0
1452	2287	1	0.0
1454	3854	0	0.019760631
1455	5438	0	0.044741947
1456	2556	1	0.01575248
1456	2729	0	0.0
1456	2528	0	0.0
1457	2049	1	0.011650591
1457	4205	0	0.0
1457	10758	0	0.0
1457	2334	0	0.0
1459	7788	1	0.0
1460	2146	1	0.0
1460	2372	0	0.0
1460	2221	1	0.0
1463	5421	0	0.055017542
1465	2225	1	0.0
1465	2849	1	0.0
1466	5890	1	0.0
1467	2954	0	0.0
1467	2157	1	0.0
1469	2327	0	0.006392355
1469	2311	0	0.0
1470	2954	0	0.0
1471	3501	1	0.025812777
1472	2525	0	0.0
1473	7294	0	0.023808531
1473	8244	1	0.0
1473	2083	1	0.0
1475	4755	1	0.026622862
1475	5438	1	0.0
1475	2157	1	0.0
1475	2608	1	0.0
1475	3875	1	0.0
1476	3447	0	0.02637185
1476	2322	1	0.01944195
1476	3033	0	0.0
1477	5567	1	0.0
1477	3510	1	0.0
1477	2434	1	0.0
1477	2953	1	0.0
1477	2427	1	0.0
1478	6187	1	0.0
1479	2726	0	0.022990042
1479	3349	1	0.0
1480	3349	1	0.04705639
1480	2973	1	0.0
1480	2729	0	0.0
1481	2977	1	0.028175106
1484	2090	1	0.0
1484	2896	0	0.0
1484	3070	0	0.0
1484	3406	1	0.0
1485	6168	0	0.0327203
1485	3956	1	0.028122574
1485	3763	1	0.0
1486	2286	1	0.021172455
1486	2338	1	0.020826308
1486	2695	0	0.01919898
1486	2371	1	0.0
1487	3235	1	0.0
1487	2149	1	0.0
1488	4936	0	0.03312697
1488	2482	1	0.023564745
1488	2285	0	0.0
1489	7660	1	0.030572098
1489	2435	1	0.01673205
1490	2451	1	0.028689627
1490	2286	1	0.016774936
1490	2942	0	0.0
1490	2449	1	0.0
1490	2483	0	0.0
1491	2593	1	0.013472221
1491	2071	0	0.0
1493	4814	0	0.0
1493	2148	1	0.0
1494	3663	0	0.0
1495	2505	1	0.024453199
1496	6207	1	0.0
1496	2327	1	0.0
1497	2322	0	0.0
1498	5406	1	0.09796151
1498	2729	1	0.045876876
1498	3964	1	0.031061495
1498	2873	1	0.029101113
1498	2952	1	0.0
1500	11664	1	0.045511097
1500	8244	0	0.0
1501	2695	0	0.0
1501	2315	0	0.0
1502	2687	0	0.0
1502	6093	0	0.0
1503	3441	1	0.0
1505	2148	0	0.010916019
1506	2928	0	0.04404798
1507	2482	1	0.07721213
1507	3865	0	0.032076646
1508	7053	0	0.0
1508	2556	0	0.0
1509	2422	0	0.015917463
1509	2232	0	0.0
1509	3495	0	0.0
1509	2209	1	0.0
1510	2192	0	0.014943658
1511	3034	0	0.0
1512	2435	1	0.0
1512	2955	1	0.0
1513	2211	1	0.0
1516	2153	0	0.011763685
1516	2221	1	0.008915608
1517	6093	0	0.043141898
1517	3192	1	0.031556606
1518	8458	1	0.0
1518	2327	1	0.0
1520	2148	0	0.0
1520	2310	0	0.0
1520	2083	1	0.0
1520	3095	0	0.0
1521	2223	1	0.00810355
1521	2221	1	0.0068691303
1521	2371	1	0.0
1521	2336	0	0.0
1521	2534	0	0.0
1522	2522	1	0.0
1522	2433	0	0.0
1523	2356	0	0.0
1523	3968	0	0.0
1523	5037	0	0.0
1524	2053	1	0.0
1527	3072	1	0.0
1528	2083	0	0.014710449
1528	2286	0	0.013504913
1528	2371	0	0.0
1528	2372	0	0.0
1529	3961	1	0.0
1530	2423	0	0.0
1530	5006	0	0.0
1531	4767	0	0.0
1533	2539	0	0.0
1534	13102	1	0.10337694
1534	2148	1	0.0
1535	2216	1	0.0
1535	5678	1	0.0
1536	4814	0	0.042742554
1536	6167	0	0.0
1536	2722	0	0.0
1537	2726	0	0.022990042
1538	2251	1	0.011821794
1538	2473	1	0.0
1538	3664	1	0.0
1539	7301	0	0.035686955
1540	2050	1	0.020588871
1541	7719	1	0.0
1541	6167	0	0.0
1542	4517	1	0.0
1543	2157	1	0.0
1543	3235	1	0.0
1543	2729	1	0.0
1544	2977	0	0.0
1546	2847	1	0.08232392
1546	2220	0	0.0
1547	3415	1	0.02501272
1547	2049	0	0.017296864
1548	2459	0	0.0
1548	2327	1	0.0
1548	2534	0	0.0
1548	2540	0	0.0
1549	9581	0	0.0
1549	2593	1	0.0
1550	7134	1	0.0
1551	3415	1	0.0
1553	2326	0	0.0
1555	2419	1	0.0
1555	4581	1	0.0
1556	2260	0	0.0
1557	3028	1	0.0
1557	2279	0	0.0
1558	6920	0	0.06209913
1558	2201	1	0.017431324
1559	2435	1	0.0
1560	4591	1	0.07800996
1560	3369	1	0.0
1560	2220	1	0.0
1560	2435	1	0.0
1561	3095	1	0.0
1561	3186	1	0.0
1563	8971	0	0.0
1564	2799	1	0.028899757
1565	2455	0	0.008995418
1565	2501	0	0.0
1565	2315	0	0.0
1566	2083	0	0.021878513
1566	2155	0	0.0
1566	3447	0	0.0
1566	3072	1	0.0
1568	2201	1	0.0
1569	3391	0	0.0
1570	2083	1	0.014710449
1570	2221	0	0.0
1571	3171	1	0.06375557
1571	4830	0	0.041989226
1573	7424	1	0.034519855
1573	4036	1	0.0
1574	4586	1	0.049695976
1574	2960	1	0.028909625
1574	4454	1	0.0
1575	2729	1	0.0
1576	2371	1	0.0
1578	2439	0	0.0
1578	2148	0	0.0
1579	2148	0	0.0
1580	3023	0	0.021776889
1580	2322	1	0.01944195
1580	2286	1	0.013504913
1581	3265	1	0.024367355
1582	3955	1	0.0
1582	5951	1	0.0
1583	2399	0	0.0
1585	2483	1	0.028075913
1585	4237	0	0.0
1586	3170	1	0.0
1586	2079	0	0.0
1587	2505	0	0.0
1588	2282	0	0.025081728
1588	2327	0	0.012798891
1588	3970	0	0.0
1588	2522	0	0.0
1588	2155	0	0.0
1589	2325	1	0.0
1589	2200	1	0.0
1589	2148	1	0.0
1589	2598	1	0.0
1590	2282	1	0.014722607
1590	7424	0	0.0
1590	3366	1	0.0
1590	4227	1	0.0
1590	2469	1	0.0
1591	2455	0	0.0
1591	3095	0	0.0
1593	2522	1	0.0
1594	2599	1	0.0
1595	2325	0	0.0
1596	5633	0	0.0
1597	2532	1	0.0
1598	2203	1	0.027167257
1598	3641	1	0.0
1599	3903	0	0.0
1599	3663	0	0.0
1600	2492	0	0.011217722
1600	2371	1	0.0
1600	3664	0	0.0
1600	3038	0	0.0
1601	3477	0	0.0
1602	2214	1	0.019268645
1602	2059	1	0.016625095
1604	2537	0	0.012921148
1605	2729	0	0.019817615
1605	3235	1	0.0
1605	2214	0	0.0
1607	2153	1	0.0
1607	2222	0	0.0
1607	4814	0	0.0
1607	2447	0	0.0
1608	2318	1	0.0
1609	2842	0	0.0
1609	13213	0	0.0
1610	4919	1	0.0
1610	3380	1	0.0
1611	2435	1	0.01673205
1612	2327	1	0.018762408
1614	2419	1	0.0
1614	2980	1	0.0
1614	2849	1	0.0
1615	2279	0	0.020124188
1615	2528	0	0.0
1615	2326	1	0.0
1616	2593	1	0.0
1617	7000	0	0.0
1617	4899	0	0.0
1617	2232	1	0.0
1618	5338	1	0.0
1619	2286	1	0.03461872
1619	2452	0	0.01613424
1620	5654	1	0.041335195
1620	7801	1	0.029845541
1620	2083	1	0.009058369
1620	2475	0	0.0
1620	2300	0	0.0
1621	3366	1	0.06465465
1621	2220	0	0.021793496
1621	2701	0	0.0
1621	2435	1	0.0
1621	2697	0	0.0
1622	3495	0	0.0
1623	2083	1	0.02231586
1623	2322	1	0.01944195
1623	2245	0	0.0
1623	2539	0	0.0
1626	2059	0	0.013890962
1626	5304	1	0.0
1626	5423	0	0.0
1626	8458	1	0.0
1627	2789	0	0.0
1628	2203	1	0.05149784
1628	2702	1	0.0
1629	2216	1	0.0
1630	4011	0	0.0
1632	2450	0	0.043474834
1632	7863	1	0.036795568
1632	2286	1	0.022612307
1632	2083	1	0.021168493
1632	3450	0	0.0
1633	2483	0	0.0
1633	2223	0	0.0
1633	3641	1	0.0
1634	2695	0	0.00982073
1635	2328	0	0.0
1635	2894	1	0.0
1636	2317	0	0.02234983
1636	2292	0	0.0
1636	4961	0	0.0
1637	2973	0	0.0
1637	2059	0	0.0
1637	2148	0	0.0
1637	3506	0	0.0
1638	2148	1	0.01880103
1638	5604	1	0.0
1638	4612	1	0.0
1638	3375	1	0.0
1639	2504	1	0.0
1639	3090	1	0.0
1640	4504	0	0.0
1641	7863	0	0.0
1641	2223	1	0.0
1641	2149	0	0.0
1642	2449	0	0.0
1643	2282	1	0.042882953
1643	2520	0	0.0
1643	2695	0	0.0
1643	2469	0	0.0
1643	2338	0	0.0
1644	2319	0	0.022372808
1644	2452	0	0.01613424
1644	2695	1	0.00982073
1647	4879	0	0.0
1647	5221	1	0.0
1647	2148	1	0.0
1648	3177	0	0.02393427
1648	2372	0	0.014559394
1648	2492	1	0.008361841
1648	2469	0	0.0
1649	2223	1	0.0
1649	2909	1	0.0
1649	2419	1	0.0
1649	2894	0	0.0
1649	2674	1	0.0
1650	3290	1	0.055668555
1650	3244	1	0.0
1651	2323	0	0.0
1652	2292	1	0.016322253
1652	2452	1	0.0
1652	2287	0	0.0
1653	3503	0	0.016742313
1653	2608	1	0.0
1653	2310	0	0.0
1653	3366	1	0.0
1653	5090	0	0.0
1654	2201	1	0.040649522
1654	3039	0	0.02676652
1655	2418	0	0.036509737
1656	2155	1	0.024085687
1656	6168	1	0.0
1657	2315	0	0.01766155
1657	3581	1	0.0
1658	3704	1	0.028482577
1658	2232	1	0.0
1658	3824	0	0.0
1660	2952	1	0.032504506
1660	2211	1	0.0
1660	6348	0	0.0
1660	2223	1	0.0
1661	2872	1	0.0
1662	2059	1	0.0
1662	5077	0	0.0
1662	4016	1	0.0
1662	2221	1	0.0
1663	5395	1	0.0
1664	6022	1	0.0
1664	2531	0	0.0
1665	2423	0	0.0
1665	2880	0	0.0
1665	2952	1	0.0
1665	3230	0	0.0
1665	5687	1	0.0
1666	3403	1	0.0
1666	2323	0	0.0
1666	4560	1	0.0
1666	3090	0	0.0
1666	4589	0	0.0
1667	3233	0	0.0
1669	2201	1	0.0
1670	2317	1	0.048892487
1670	2161	0	0.0
1670	2906	0	0.0
1670	2279	0	0.0
1671	2282	0	0.009264941
1671	5367	0	0.0
1671	2469	0	0.0
1673	2211	1	0.01685157
1673	2083	1	0.0
1675	2204	1	0.023028208
1675	5085	0	0.0
1675	2534	1	0.0
1676	2372	0	0.0094138235
1677	8691	1	0.0
1677	5304	1	0.0
1677	2211	1	0.0
1678	2726	1	0.0
1679	3037	0	0.0
1680	2832	1	0.041590493
1682	10694	0	0.0
1683	2338	0	0.047488008
1683	2319	0	0.0322845
1683	3442	0	0.02832142
1683	3028	0	0.014782279
1683	2285	0	0.014033328
1684	2574	1	0.26841834
1686	2851	0	0.0
1686	2484	0	0.0
1688	3349	1	0.0
1689	2529	0	0.014699711
1689	3817	1	0.0
1689	2572	0	0.0
1689	2220	0	0.0
1690	2282	1	0.027895179
1690	9968	0	0.011484366
1690	2233	1	0.0
1690	2327	1	0.0
1691	6207	0	0.014551592
1692	2372	1	0.0094138235
1692	2485	0	0.0
1692	2049	0	0.0
1693	2261	1	0.054135457
1694	3845	1	0.0
1695	2371	1	0.0
1695	2050	1	0.0
1696	2506	0	0.024485946
1696	2232	0	0.0
1696	2441	0	0.0
1697	2203	0	0.0
1698	2304	1	0.01996556
1698	4016	1	0.019562993
1698	2247	1	0.0
1698	2505	1	0.0
1700	3495	1	0.026410248
1700	2865	1	0.0
1700	5243	1	0.0
1704	2221	1	0.008915608
1704	6444	0	0.0
1707	2441	1	0.0
1707	10620	1	0.0
1707	4763	1	0.0
1709	2286	1	0.022612307
1709	2455	0	0.007927451
1709	2325	1	0.0
1709	2899	0	0.0
1710	2311	0	0.062491752
1710	2279	0	0.037254903
1710	2083	1	0.014710449
1710	2300	0	0.011875777
1710	2532	1	0.0
1711	2814	0	0.05852256
1711	2148	1	0.008831307
1711	6035	1	0.0
1711	2955	0	0.0
1711	3186	1	0.0
1712	2485	0	0.0
1713	2286	1	0.0
1714	2083	0	0.0
1714	2200	0	0.0
1715	2079	0	0.08940306
1715	2052	0	0.0
1716	2083	1	0.0
1717	5181	0	0.0
1718	5429	1	0.0
1720	4507	1	0.0
1722	2323	0	0.0
1722	2295	0	0.0
1723	2310	0	0.016887072
1723	2221	0	0.0
1723	2449	0	0.0
1723	2505	0	0.0
1724	10475	1	0.0
1724	3956	1	0.0
1724	2419	1	0.0
1725	2697	0	0.0
1727	2722	1	0.046286058
1727	2221	1	0.008915608
1727	2191	1	0.0
1728	2529	1	0.01542737
1728	2083	0	0.006463871
1728	2049	0	0.0
1728	6364	0	0.0
1728	8548	1	0.0
1729	2251	0	0.014619087
1730	2709	1	0.0
1731	4507	1	0.030541994
1732	2222	1	0.009714232
1732	2050	1	0.0
1732	2505	0	0.0
1733	2687	1	0.0
1733	2674	0	0.0
1734	4918	0	0.0
1735	2511	1	0.02578332
1735	2608	1	0.0
1735	6522	1	0.0
1736	2492	1	0.0
1736	2353	1	0.0
1736	2372	1	0.0
1737	3179	1	0.025713837
1737	2327	0	0.010972711
1737	3854	1	0.0
1738	3968	1	0.026784593
1738	2232	1	0.0
1739	5993	0	0.0
1739	3158	1	0.0
1740	3696	1	0.041799683
1740	6171	1	0.0
1740	2083	1	0.0
1742	2597	1	0.021396244
1742	3233	1	0.0
1742	3033	0	0.0
1743	2050	1	0.0
1743	6503	1	0.0
1743	12109	1	0.0
1745	9481	1	0.0
1746	2201	1	0.017376937
1747	2556	1	0.0
1750	4106	1	0.0
1750	3663	1	0.0
1751	2052	1	0.024579713
1752	2608	1	0.03636537
1752	2013	0	0.028409954
1752	2954	1	0.0
1754	2222	1	0.0
1754	2701	0	0.0
1755	6176	1	0.0
1756	2201	1	0.052812073
1756	2221	1	0.0
1757	3109	1	0.0
1758	6115	0	0.0439092
1759	3746	1	0.038072757
1759	2418	1	0.036509737
1759	2444	1	0.0
1759	2709	0	0.0
1759	8092	0	0.0
1760	3393	0	0.020265525
1760	2284	0	0.0
1760	2292	1	0.0
1760	4211	0	0.0
1760	2295	0	0.0
1763	5533	1	0.13582885
1763	4820	0	0.051415633
1763	6178	1	0.050857358
1763	5534	1	0.047291692
1763	8122	0	0.0
1764	3088	1	0.0
1764	2161	1	0.0
1765	3038	0	0.017642261
1765	3028	0	0.014782279
1765	2319	0	0.0
1765	2894	0	0.0
1766	2185	1	0.0
1766	2541	0	0.0
1768	4431	1	0.11450927
1768	2284	1	0.04710045
1768	4606	0	0.0
1768	2290	0	0.0
1768	2317	1	0.0
1769	4124	0	0.0
1770	2308	1	0.021863326
1770	2295	1	0.020737026
1770	2300	1	0.011875777
1770	2739	1	0.0
1771	3039	1	0.0156224165
1771	2310	0	0.0
1771	3368	0	0.0
1771	8259	1	0.0
1772	2220	0	0.0
1772	6258	0	0.0
1773	2261	1	0.037449263
1775	4648	1	0.09023732
1775	2955	1	0.022803664
1776	3496	1	0.04428998
1776	2295	1	0.020737026
1776	2174	1	0.0
1776	2327	1	0.0
1776	2992	1	0.0
1777	2418	1	0.0
1777	2050	1	0.0
1777	2701	1	0.0
1781	2726	1	0.06348116
1781	2832	0	0.041590493
1782	2304	0	0.01996556
1782	2052	0	0.0
1782	5285	1	0.0
1782	2469	0	0.0
1783	2310	1	0.015917996
1783	13340	1	0.0
1784	3369	0	0.0
1784	2471	0	0.0
1786	3033	0	0.0
1787	2492	0	0.008361841
1788	3349	1	0.08699034
1788	2221	0	0.008915608
1788	2933	1	0.0
1789	2842	1	0.01739587
1790	2232	0	0.0
1792	2611	1	0.09789133
1792	3928	1	0.0
1793	3700	1	0.0
1794	2616	1	0.0
1794	2952	1	0.0
1794	5705	0	0.0
1796	2435	0	0.019843634
1798	2372	1	0.0
1799	2221	1	0.008915608
1799	3381	0	0.0
1799	3630	0	0.0
1799	2214	0	0.0
1800	2223	0	0.01786501
1800	4820	0	0.0
1800	2423	0	0.0
1801	3999	1	0.018397102
1801	2433	1	0.016699366
1802	8479	0	0.036539067
1802	2282	1	0.010359121
1802	2288	0	0.0
1802	4016	0	0.0
1803	2160	0	0.0
1805	2286	0	0.0
1805	3095	0	0.0
1807	3824	0	0.0
1808	6711	1	0.062829494
1808	9179	1	0.0036630114
1808	2469	1	0.0
1809	3503	1	0.053751007
1809	2223	1	0.01786501
1809	2050	0	0.0
1809	2848	0	0.0
1810	3400	0	0.0
1810	4581	0	0.0
1810	2593	1	0.0
1810	3391	1	0.0
1811	2059	1	0.016625095
1811	2222	1	0.013876195
1814	4918	1	0.09123845
1814	5227	1	0.0
1815	3403	1	0.017103255
1815	2934	1	0.0
1817	2894	0	0.0
1818	2298	1	0.040806144
1819	2059	1	0.0
1820	2960	0	0.028909625
1820	2327	0	0.010972711
1820	3381	0	0.0
1821	2322	1	0.0384787
1821	2319	0	0.032614477
1821	5367	1	0.032114647
1821	2327	1	0.006392355
1821	2304	1	0.0
1822	3438	0	0.0
1823	2327	1	0.0074034
1823	2059	0	0.0
1824	2505	1	0.0
1825	2511	1	0.0
1825	2505	1	0.0
1826	5851	0	0.06741497
1826	2455	1	0.0
1826	2542	1	0.0
1827	3968	1	0.0
1828	2414	0	0.0
1828	4581	0	0.0
1829	2059	1	0.0090569025
1831	2434	1	0.0
1831	2200	1	0.0
1832	3370	1	0.018684072
1832	2327	1	0.010972711
1832	2520	0	0.0
1832	2532	0	0.0
1832	2221	1	0.0
1833	2418	1	0.052892096
1834	8765	1	0.041085705
1835	5037	1	0.032050073
1836	2235	0	0.0
1836	3370	1	0.0
1836	6704	0	0.0
1837	3023	1	0.033398863
1837	3961	0	0.0
1837	2455	1	0.0
1837	2222	0	0.0
1838	2165	1	0.023370631
1838	2960	1	0.0
1838	10278	1	0.0
1838	2310	1	0.0
1839	4957	1	0.0
1839	5090	1	0.0
1839	2285	0	0.0
1840	2681	1	0.023087298
1840	4820	0	0.0
1841	8124	1	0.1272146
1841	3630	0	0.0
1841	2851	0	0.0
1842	2211	1	0.020338701
1842	6022	1	0.0
1843	2211	0	0.0
1844	2948	0	0.0
1845	6963	0	0.031400766
1846	2739	1	0.021709213
1846	4696	0	0.0
1846	3704	1	0.0
1847	5227	1	0.0
1848	3495	0	0.0
1848	5099	0	0.0
1850	2371	0	0.009497087
1850	2815	1	0.0
1850	2497	1	0.0
1850	4644	1	0.0
1851	2083	1	0.021168493
1851	2286	1	0.013504913
1851	2674	0	0.011467128
1851	4523	0	0.0
1851	3028	0	0.0
1852	3801	1	0.0
1852	5395	0	0.0
1854	2530	1	0.023554605
1854	5949	0	0.0
1854	4718	1	0.0
1854	2318	1	0.0
1856	2282	1	0.029206164
1856	2052	0	0.0
1856	2334	0	0.0
1858	2155	0	0.0
1858	2897	0	0.0
1859	5567	1	0.0
1859	2349	1	0.0
1859	2222	0	0.0
1860	2482	0	0.059223168
1860	3501	0	0.0
1861	2371	1	0.009497087
1861	2185	0	0.0
1861	2825	0	0.0
1865	2469	0	0.0
1865	2720	0	0.0
1865	2674	0	0.0
1865	2372	0	0.0
1866	2482	1	0.0
1866	2371	1	0.0
1867	2529	0	0.0
1867	3466	0	0.0
1868	2319	1	0.039782617
1869	2083	1	0.009000007
1869	3113	1	0.0
1870	2695	1	0.0
1871	2726	1	0.06374845
1871	2942	1	0.025528455
1871	3403	1	0.013827131
1871	3095	1	0.0
1871	2157	1	0.0
1872	6176	0	0.0
1872	2064	0	0.0
1872	7324	1	0.0
1873	5534	1	0.045824226
1874	4696	0	0.0
1874	3704	1	0.0
1875	10510	1	0.015498446
1875	2349	0	0.0
1875	2223	1	0.0
1875	3600	0	0.0
1875	2424	1	0.0
1876	3055	1	0.024151715
1876	2148	0	0.0
1876	3793	0	0.0
1877	2422	1	0.05942929
1877	3503	0	0.053751007
1877	2204	0	0.0
1877	3508	0	0.0
1879	4801	1	0.062245086
1879	3391	0	0.023210421
1879	3100	0	0.0
1880	2286	1	0.022612307
1880	2295	0	0.020737026
1880	2695	1	0.00982073
1880	4957	0	0.0
1880	2372	1	0.0
1881	2511	1	0.026111647
1881	4879	1	0.0
1883	2050	1	0.0
1884	5222	0	0.031665415
1885	2548	0	0.017927134
1885	4766	1	0.0
1886	2452	1	0.0
1888	2435	0	0.01673205
1888	3088	1	0.0
1889	2703	1	0.04171156
1889	2222	0	0.0
1889	5438	1	0.0
1890	4648	1	0.076092035
1891	2005	1	0.0
